ID,1990,1991,1992,1993,1994,1995,1996,1997,1998,1999,2000,2001,2002,2003,2004,2005,2006,2007,2008,2009,2010,2011,2012,2013,2014,2015,2016
1015900,1255.244,1255.489,1255.087,1255.769,1255.312,1255.5,1255.228,1255.711,1255.427,1256.103,1255.125,1256.157,1256.096,1255.733,1255.027,1255.667,1254.878,1254.534,1255.378,1255.583,1255.128,1255.948,1255.827,1255.683,1255.992,1255.314,1256.061
2000900,881.926,882.126,881.233,882.61,881.448,881.547,880.824,881.325,881.061,881.186,880.672,882.972,881.802,881.189,880.971,881.111,880.99,880.883,881.538,881.024,881.173,882.597,881.567,881.68,882.628,882.26,882.555
2001600,888.766,888.441,887.566,888.271,888.208,887.977,887.735,887.444,887.538,887.818,887.487,887.741,888.344,888.125,887.702,887.669,887.896,887.488,888.129,887.544,888.271,888.965,888.073,888.155,888.96,887.801,888.166
2002600,899.555,899.7,899.395,899.32,899.526,899.738,899.673,899.636,899.084,899.157,899.49,899.697,899.66,899.599,899.608,899.401,899.539,898.937,899.309,899.103,899.496,899.585,899.474,899.183,899.766,899.487,899.52
2003500,899.573,901.182,901.063,901.253,901.628,902.011,902.568,901.955,901.46,900.782,899.968,900.567,901.44,901.741,901.062,900.567,900.944,900.364,900.345,898.891,899.336,901.083,900.133,900.066,901.513,901.338,901.301
2004200,901.601,904.159,904.1,904.416,904.169,904.46,903.581,903.46,903.407,903.473,902.979,903.859,904.272,904.054,903.826,904.029,904.015,903.414,903.594,902.511,903.054,904.193,903.847,903.801,904.408,903.975,904.096
2004500,888.164,888.224,888.02,888.246,888.166,888.128,887.866,888.072,888.256,888.422,888.249,888.209,888.247,887.994,888.148,888.1,888.142,888.094,888.15,888.03,888.107,888.244,887.955,887.981,888.252,888.19,888.281
2005200,900.141,902.064,902.248,902.537,902.588,902.515,902.466,902.28,901.589,901.379,900.251,900.986,902.05,902.37,901.545,901.356,902.049,901.118,901.346,900.151,901.061,902.638,901.766,901.402,902.558,901.974,902.194
2005300,894.78,896.77,896.67,896.927,896.902,897.009,896.922,896.609,896.314,896.318,894.969,895.772,896.62,896.669,895.849,895.851,896.483,896.485,895.737,894.799,895.664,896.998,896.403,895.953,896.97,896.498,896.647
2007500,877.354,877.316,877.09,877.407,877.127,877.193,876.855,876.853,877.064,877.227,877.061,877.177,877.412,876.804,876.993,877.233,877.248,876.991,877.131,876.955,877.502,877.748,877.285,877.296,877.706,877.477,877.627
2008400,859.702,861.475,861.254,861.378,861.332,861.432,861.082,861.147,860.96,861.233,860.141,860.886,861.137,860.976,860.272,860.229,860.538,860.346,860.747,859.468,860.116,861.194,860.641,860.811,861.229,860.589,860.79
2008900,863.462,865.316,865.946,866.232,866.762,866.42,866.156,865.766,865.35,865.208,863.925,863.935,864.389,864.909,864.421,864.141,864.184,863.758,863.596,862.838,863.49,865.592,865.461,865.19,865.928,865.598,865.806
2010400,880.583,883.141,883.354,883.854,883.581,884.286,883.513,883.695,883.051,883.396,881.973,882.737,883.356,883.529,883.221,883.479,883.309,882.41,882.357,881.734,882.11,884.083,883.506,883.305,883.946,883.362,883.841
2011000,865.765,868.377,868.907,868.82,869.643,868.826,868.388,868.404,867.896,867.291,865.42,866.504,867.367,867.87,867.231,867.394,867.738,866.251,866.365,864.902,865.192,867.495,866.742,866.461,868.317,867.528,867.208
3008500,1592.847,1592.436,1591.612,1592.031,1593.187,1593.789,1594.318,1595.217,1596.068,1596.838,1597.095,1597.734,1597.935,1597.518,1596.662,1596.947,1596.685,1596.194,1596.544,1596.99,1597.25,1597.94,1597.35,1596.528,1596.874,1596.497,1596.024
3015500,1493.7,1493.58,1493.957,1494.545,1494.019,1494.001,1493.899,1494.151,1494.233,1494.162,1494.542,1494.293,1494.306,1494.071,1494.174,1494.46,1493.875,1494.136,1494.222,1494.102,1494.333,1494.659,1493.586,1494.144,1494.619,1494.487,1494.402
3019500,1453.273,1453.441,1453.492,1455.282,1453.967,1453.853,1454.129,1454.303,1454.215,1454.228,1453.916,1453.908,1453.835,1453.904,1453.957,1454.038,1453.697,1454.045,1454.251,1454.2,1454.457,1454.104,1453.535,1453.96,1454.278,1453.683,1454.24
3028600,1442.2,1442.424,1441.943,1443.042,1443.341,1443.289,1443.438,1443.93,1443.521,1443.231,1442.97,1443.139,1442.426,1442.404,1441.943,1442.723,1442.525,1442.632,1442.579,1443.339,1442.967,1443,1442.01,1442.013,1442.279,1441.754,1441.586
3035900,1329.013,1329.091,1328.925,1330.004,1329.22,1329.166,1329.403,1330.175,1329.888,1329.945,1329.55,1329.738,1329.436,1329.226,1329.769,1329.981,1329.935,1329.832,1329.796,1329.7,1329.95,1330.16,1329.519,1329.44,1329.785,1329.02,1329.786
3036000,1334.213,1334.358,1334.371,1334.867,1334.351,1334.385,1334.478,1334.906,1334.522,1334.485,1334.254,1334.127,1334.156,1334.172,1334.28,1334.632,1334.26,1334.534,1334.547,1334.455,1334.57,1334.523,1333.973,1334.071,1334.323,1333.74,1334.16
3057600,1351.539,1351.386,1350.526,1351.026,1352.307,1352.619,1353.374,1354.813,1355.66,1354.866,1354.771,1354.368,1353.945,1353.473,1353.726,1354.69,1354.317,1354.541,1354.546,1354.841,1354.527,1354.505,1353.489,1354.055,1354.918,1353.929,1353.594
3058200,1349.811,1349.829,1349.442,1350.074,1350.418,1350.74,1351.062,1352.23,1352.537,1352.569,1352.32,1352.492,1351.327,1351.109,1351.292,1351.618,1351.321,1351.442,1351.498,1351.281,1351.43,1351.348,1351.319,1351.498,1351.621,1351.303,1351.369
3058800,1353.035,1353.142,1352.719,1353.459,1353.06,1353.109,1353.203,1354.736,1355.648,1354.971,1354.678,1354.536,1354.295,1353.772,1353.9,1354.841,1354.631,1354.774,1354.858,1355.138,1354.835,1354.716,1353.76,1354.293,1354.909,1354.035,1353.903
4011100,1308.401,1309.181,1308.477,1309.157,1309.193,1308.75,1308.749,1309.733,1308.873,1310.221,1309.077,1309.774,1308.87,1308.436,1308.356,1309.158,1308.788,1308.251,1308.34,1308.443,1309.58,1309.425,1308.285,1308.778,1309.744,1308.315,1308.446
8004500,1005.082,1006.722,1008.189,1007.902,1007.528,1007.629,1007.517,1008.154,1007.209,1007.431,1006.716,1006.509,1007.56,1007.544,1007.713,1008.178,1007.986,1007.8,1007.836,1007.238,1008.201,1008.064,1007.545,1007.513,1008.176,1007.664,1008.324
9000800,1118.567,1119.057,1120.048,1120.647,1120.581,1120.289,1120.705,1121.388,1120.682,1120.262,1119.572,1119.721,1119.355,1118.577,1117.973,1117.547,1117.071,1116.572,1116.566,1116.447,1116.4,1116.937,1117.576,1118.321,1118.886,1118.358,1118.663
10000200,863.567,864.722,864.784,865.312,864.868,864.885,864.505,865.024,864.926,864.787,864.716,864.872,865.173,864.539,865.448,865.253,865.096,864.263,864.575,864.056,864.728,864.904,864.546,864.673,864.91,864.648,865.046
10000600,895.69,895.544,895.79,895.949,895.742,895.785,895.356,895.8,895.629,895.598,895.476,895.569,895.852,895.492,895.961,896.15,895.657,895.523,895.651,895.497,895.849,895.686,895.383,895.238,895.345,895.393,895.559
10000900,944.252,944.654,944.597,944.742,944.49,944.434,944.339,944.718,944.413,944.704,944.235,944.709,944.884,944.451,944.578,944.94,944.259,944.12,944.426,944.271,944.534,944.352,944.09,944.566,944.87,944.465,944.681
10004100,937.869,938.35,941.194,942.42,941.797,941.468,941.985,942.14,942.89,942.01,940.303,941.417,941.44,941.67,941.283,942.1,941.32,940.753,941.009,939.979,941.05,941.835,941.119,941.819,943.146,941.836,942.549
10005900,959.032,960.846,962.641,963.375,962.562,962.355,963.053,961.888,961.763,961.898,960.995,961.99,962.448,962.164,961.997,962.352,961.98,961.447,961.662,961.306,962.03,962.329,961.633,962.039,962.709,961.666,961.886
11012900,1308.165,1308.309,1308.469,1309.162,1308.924,1308.262,1308.58,1308.26,1308.337,1308.941,1308.521,1308.777,1308.259,1307.939,1308.079,1308.538,1308.094,1308.297,1308.161,1308.376,1308.491,1308.457,1309.043,1308.74,1308.69,1308.16,1308.493
11019900,1335.71,1336.719,1335.576,1335.597,1335.395,1335.452,1335.397,1335.467,1335.548,1335.796,1335.279,1335.335,1335.203,1334.722,1334.847,1335.652,1335.649,1335.103,1334.958,1334.964,1334.97,1335.375,1335.455,1335.999,1336.45,1335.78,1336.17
11020100,1322.963,1322.947,1322.789,1323.321,1323.307,1323.406,1323.394,1323.506,1323.534,1323.934,1323.298,1323.776,1323.495,1322.98,1322.925,1323.465,1323.518,1322.626,1323.041,1323.295,1323.274,1323.66,1323.727,1323.767,1323.754,1323.367,1323.61
11024200,1330.499,1330.837,1330.591,1331.158,1330.914,1330.863,1331.169,1331.22,1331.348,1331.29,1330.755,1330.737,1330.743,1330.283,1330.485,1330.745,1330.407,1330.786,1330.863,1330.837,1331.25,1330.894,1330.683,1330.965,1331.448,1331.126,1331.263
11025000,1324.409,1324.544,1324.791,1324.914,1324.829,1324.955,1324.899,1324.854,1324.839,1325.032,1324.738,1324.635,1324.701,1324.378,1323.602,1324.099,1324.46,1324.281,1324.308,1324.65,1324.634,1324.853,1324.877,1324.902,1325.213,1324.82,1325.01
11026300,1322.725,1322.95,1322.777,1323.279,1323.279,1323.31,1323.499,1323.613,1323.621,1324.139,1323.42,1323.785,1323.598,1323.238,1323.054,1323.695,1323.452,1322.806,1323.112,1323.257,1323.316,1323.691,1323.716,1323.686,1323.93,1323.437,1323.692
11041200,1378.47,1378.502,1378.242,1379.006,1378.224,1378.492,1378.334,1378.633,1379.047,1379.448,1379.016,1379.232,1379.034,1378.761,1378.568,1378.6,1379.3,1378.41,1378.676,1378.817,1378.836,1378.909,1378.8,1379.109,1379.015,1378.792,1378.914
11041300,1379.379,1379.581,1379.093,1379.648,1379.729,1379.648,1379.423,1379.588,1379.658,1379.731,1379.484,1379.811,1379.38,1379.095,1379.03,1379.753,1379.248,1379.432,1379.279,1379.515,1379.402,1379.595,1379.502,1379.981,1379.825,1379.454,1379.463
13003100,873.154,874,874.168,874.518,874.13,874.91,874.559,874.228,874.138,874.197,873.877,874.469,874.706,874.54,874.299,874.076,874.203,874.51,874.557,873.8,873.88,874.94,873.95,874.34,875.02,874.35,874.93
13003200,895.736,897.402,897.564,897.839,897.653,899.365,899.245,899.038,897.96,897.65,896.703,898.493,899.28,899.246,898.647,897.996,897.165,896.697,896.283,894.641,894.321,896.175,895.26,895.501,896.909,896.657,896.964
13003500,893.689,894.594,896.633,897.274,897.501,899.332,899.401,899.025,899.13,897.64,896.48,898.619,899.235,899.173,898.587,897.997,897.165,896.608,896.003,894.025,893.672,893.761,892.808,892.225,893.611,893.952,895.667
13005300,886.633,886.948,886.407,886.897,886.447,886.81,886.43,886.485,886.65,886.62,885.919,886.084,886.227,886.185,886.052,885.927,886.052,885.986,886.26,885.797,886.043,886.788,886.316,886.513,886.585,886.275,886.091
13006900,914.461,915.141,913.95,914.046,913.341,914.375,914.69,914.04,913.73,914.108,913.228,914.538,914.739,914.375,914.405,914.546,913.837,913.831,914.481,913.531,915.037,915.162,914.611,914.263,915.806,914.541,914.888
13008300,915.856,916.341,915.622,916.473,915.728,916.348,915.669,915.795,915.567,915.605,915.309,916.293,916.355,916.143,916.226,916.253,915.674,915.76,916.062,916.057,915.84,916.186,916.405,915.92,916.246,916.087,915.696
15001600,1466.587,1466.865,1467.148,1467.177,1467.301,1467.314,1467.193,1467.114,1466.77,1467.437,1467.286,1467.365,1467.048,1466.937,1467.095,1467.066,1466.934,1467.023,1467.055,1467.192,1467.24,1467.26,1467.31,1467.36,1467.24,1467.28,1467.15
16014700,1731.991,1732.081,1732.257,1732.407,1732.385,1732.022,1732.318,1732.13,1731.871,1732.51,1732.432,1732.524,1732.151,1732.432,1732.371,1732.197,1731.701,1731.493,1732.252,1731.851,1731.563,1732.069,1732.268,1732.087,1732.063,1731.699,1731.757
16022700,1680.417,1680.578,1680.92,1680.959,1680.316,1680.06,1680.972,1680.562,1680.397,1680.97,1680.663,1680.703,1680.347,1680.292,1680.36,1680.363,1680.297,1680.276,1680.484,1680.608,1680.002,1680.447,1681.553,1680.76,1680.66,1680.38,1680.25
16023900,1853.814,1853.802,1853.967,1854.007,1853.967,1853.871,1854.017,1853.786,1853.311,1854.373,1854.29,1854.25,1853.78,1853.688,1853.619,1853.66,1852.672,1853.734,1853.798,1853.672,1853.441,1853.748,1853.607,1853.696,1853.908,1853.623,1853.413
16062900,1450.799,1451.68,1451.281,1451.611,1451.938,1450.974,1451.68,1451.407,1450.734,1451.608,1451.321,1451.698,1450.842,1450.83,1451.436,1451.651,1450.654,1451.351,1451.292,1451.007,1450.27,1450.589,1451.094,1451.411,1451.454,1450.918,1452.022
17000300,1254.428,1254.767,2513.46,1254.965,1254.72,1254.759,1254.71,1254.977,1254.82,1254.703,1254.082,1254.776,1254.659,1254.562,1254.741,1254.874,1254.64,1255.439,1254.443,1254.605,1254.874,1254.638,1254.204,1254.472,1254.768,1254.852,1255.136
18016500,1239.104,1238.785,1239.147,1239.12,1238.584,1238.807,1238.499,1238.749,1238.572,1238.993,1238.684,1238.634,1238.651,1238.611,1238.711,1238.646,1238.239,1238.473,1238.552,1238.467,1238.447,1238.44,1239.234,1238.67,1238.89,1238.612,1239.037
18024300,1180.87,1180.55,1180.694,1180.701,1180.861,1180.972,1180.606,1180.863,1180.84,1180.861,1180.616,1180.848,1180.658,1180.661,1180.523,1180.106,1179.795,1180.379,1180.785,1180.686,1180.272,1180.212,1181.077,1180.506,1180.658,1180.441,1180.701
18025100,1205.953,1205.931,1205.646,1205.856,1206.113,1206.464,1207.038,1207.467,1207.163,1207.496,1207.352,1207.572,1207.089,1206.275,1205.474,1205.59,1206.286,1204.821,1205.101,1205.133,1205.279,1205.667,1206.242,1206.274,1207.033,1206.756,1206.744
18025200,1206.737,1206.707,1206.524,1206.829,1207.02,1207.405,1207.821,1208.314,1207.76,1208.266,1207.891,1208.398,1207.649,1207.215,1206.382,1206.663,1206.217,1204.264,1206.151,1206.333,1206.249,1206.719,1207.241,1207.187,1207.44,1207.36,1207.742
18025600,1202.971,1202.703,1202.434,1202.786,1202.998,1203.372,1204.099,1204.565,1204.63,1204.846,1204.913,1205.058,1204.549,1203.873,1203.024,1202.854,1203.485,1202.042,1202.135,1202.266,1202.324,1202.733,1203.262,1203.545,1203.865,1203.825,1204.015
18025900,1204.575,1204.303,1204.075,1204.15,1204.571,1205.05,1205.648,1206.351,1206.174,1206.437,1206.435,1206.747,1206.104,1205.737,1204.755,1204.513,1204.224,1203.776,1203.805,1204.001,1203.967,1204.466,1205.037,1205.28,1205.794,1205.761,1205.88
18029800,1259.41,1259.5,1259.492,1259.815,1259.618,1259.615,1259.731,1259.619,1259.601,1260.25,1259.591,1259.655,1259.732,1259.51,1259.592,1259.797,1259.365,1259.624,1259.82,1259.555,1259.56,1259.716,1260.33,1259.814,1259.74,1259.811,1259.779
18030400,1205.85,1205.578,1205.47,1205.85,1206.026,1206.592,1207.185,1207.7,1207.384,1207.627,1207.623,1208.02,1207.464,1207.05,1206.142,1206.081,1206.011,1205.204,1204.906,1205.075,1205.385,1206.127,1206.825,1207.09,1207.26,1207.15,1207.25
18030500,1205.946,1205.822,1205.721,1206.138,1206.261,1206.81,1207.201,1207.453,1207.208,1207.661,1207.472,1207.776,1207.35,1207.144,1206.078,1206.332,1206.227,1205.337,1205.272,1205.384,1205.749,1206.497,1206.904,1207.278,1207.683,1207.03,1207.384
18030800,1206.679,1206.812,1206.74,1207.058,1207.05,1207.431,1207.479,1207.322,1207.091,1207.385,1207.121,1207.434,1207.14,1206.889,1206.473,1206.63,1206.456,1206.365,1206.19,1206.443,1206.51,1206.917,1207.203,1207.276,1207.564,1207.18,1207.327
18032000,1173.516,1173.503,1173.653,1173.843,1174.734,1175.8,1176.954,1176.66,1176.019,1176.809,1176.238,1176.487,1176.36,1176.077,1174.397,1174.624,1174.022,1173.194,1173.339,1174.258,1174.506,1176.206,1176.166,1175.804,1177.136,1176.176,1177.079
18032300,1211.915,1212.057,1212.084,1212.513,1212.882,1213.569,1213.342,1214.02,1213.795,1214.277,1214.15,1214.39,1214.125,1213.99,1212.904,1213.04,1212.688,1211.647,1211.879,1212.41,1212.823,1213.719,1213.847,1214.068,1214.529,1214.192,1214.653
18032900,1205.51,1205.465,1205.506,1205.354,1205.231,1205.444,1205.666,1205.43,1205.591,1205.755,1206.016,1205.822,1205.463,1205.327,1205.238,1205.329,1205.152,1205.037,1205.302,1205.346,1205.461,1205.605,1205.648,1205.51,1205.25,1204.84,1205.021
18033500,1204.505,1204.588,1204.657,1205.051,1205.333,1205.793,1206.274,1206.46,1206.251,1206.638,1206.729,1207.054,1206.564,1206.263,1205.299,1205.813,1204.909,1203.998,1204.089,1204.484,1205.224,1206.114,1206.146,1206.47,1206.15,1206.28,1206.32
18033800,1199.745,1199.871,1199.936,1200.233,1200.189,1200.317,1200.063,1200.287,1199.981,1200.327,1200.197,1200.307,1200.166,1199.867,1199.659,1199.801,1199.752,1199.758,1199.684,1200.057,1200.172,1200.219,1200.299,1200.38,1200.39,1200.12,1200.339
18034200,1206.637,1206.832,1206.46,1206.83,1207.013,1207.427,1207.934,1208.254,1207.739,1208.043,1207.821,1208.233,1207.596,1207.369,1206.522,1206.627,1206.495,1205.893,1206.114,1206.287,1206.428,1207.04,1207.375,1207.514,1207.705,1207.52,1207.59
18035100,1206.407,1206.527,1206.369,1206.741,1206.847,1207.256,1207.783,1207.563,1207.267,1207.614,1207.28,1207.619,1207.276,1207.08,1206.551,1206.905,1206.51,1206.412,1206.489,1206.775,1206.994,1207.465,1207.964,1208.11,1208.32,1207.92,1208.14
18037200,1196.927,1196.856,1196.955,1197.517,1197.714,1197.799,1197.924,1197.51,1197.34,1197.751,1197.308,1197.778,1197.597,1197.259,1196.844,1197.058,1196.741,1196.247,1196.742,1197.249,1197.815,1197.996,1198.227,1197.77,1197.98,1197.51,1198.228
18037400,1198.179,1198.433,1198.756,1198.664,1198.691,1198.706,1198.425,1198.655,1198.346,1198.549,1198.288,1198.743,1198.416,1198.272,1198.252,1198.729,1198.22,1198.001,1198.562,1198.31,1198.555,1199.042,1198.828,1198.734,1198.775,1198.287,1198.572
18037500,1197.366,1197.419,1197.473,1197.993,1198.245,1198.827,1198.534,1198.856,1198.47,1198.812,1198.319,1198.977,1198.549,1198.282,1197.881,1198.5,1198.056,1197.333,1197.514,1198.005,1198.591,1199.374,1199.106,1198.92,1198.79,1198.23,1198.44
18040900,1210.842,1210.933,1210.905,1211.131,1211.304,1211.713,1212.327,1212.606,1212.268,1212.481,1212.162,1212.317,1211.902,1211.61,1211.19,1210.968,1211.2,1210.85,1210.96,1211.3,1211.38,1212.011,1212.062,1212.49,1212.38,1212.65,1212.22
19002600,977.28,978.345,981.642,983.376,982.472,982.457,981.941,982.74,982.544,982.443,980.894,981.223,981.625,981.847,980.436,980.76,981.564,980.464,980.974,979.001,980.576,982.727,981.209,982.819,982.963,981.567,982.669
21005700,1356.263,1356.546,1356.219,1356.717,1356.301,1356.739,1356.608,1357.1,1356.48,1356.471,1356.34,1357,1356.549,1356.908,1356.38,1356.887,1356.395,1356.332,1356.374,1357.08,1356.631,1357.405,1356.668,1356.745,1357.213,1356.717,1356.527
21008300,1365.815,1365.894,1365.92,1366.275,1366.005,1366.131,1366.084,1366.164,1365.975,1366.393,1365.953,1366.499,1366.011,1366.115,1365.968,1366.178,1365.579,1366.059,1365.969,1365.972,1365.987,1366.394,1366.039,1366.168,1366.6,1365.975,1366.203
21012300,1363.79,1363.814,1363.849,1364.084,1363.915,1364.165,1363.956,1363.899,1363.766,1364.28,1363.794,1364.38,1363.856,1364.109,1363.554,1363.99,1363.546,1363.689,1363.947,1363.705,1363.907,1364.101,1364.155,1364.126,1364.503,1364.253,1363.976
21014400,1359.658,1360.312,1361.048,1361.96,1361.705,1361.9,1361.811,1362.251,1361.361,1361.703,1360.894,1362.271,1361.765,1362.05,1360.909,1361.506,1361.245,1361.028,1360.605,1361.079,1361.175,1362.968,1361.671,1361.492,1361.606,1360.934,1360.925
21021200,1350.59,1350.19,1350.6,1351.317,1350.92,1350.643,1350.422,1350.832,1350.54,1350.71,1350.48,1351.21,1350.635,1350.429,1350.52,1350.896,1350.971,1351.127,1351.091,1351.163,1351.094,1351.747,1351.219,1351.67,1351.852,1351.525,1350.988
21037500,1213.255,1213.253,1212.465,1213.41,1213.267,1213.466,1213.33,1213.343,1213.023,1213.411,1212.981,1213.253,1213.343,1212.727,1213.298,1213.25,1213.243,1213.224,1213.18,1213.597,1213.515,1213.854,1211.96,1212.463,1213.104,1212.331,1211.643
27008800,895.563,895.746,896.317,896.38,896.433,896.348,896.315,896.291,896.31,896.3,895.972,896.139,896.362,896.225,896.122,896.326,896.22,895.946,895.937,895.592,895.45,895.855,895.515,895.46,896.65,896.35,896.1
27010400,887.948,888.438,888.188,888.55,888.12,888.216,887.771,888.205,888.085,888.058,887.98,888.021,888.479,888.187,888.032,888.044,887.92,887.943,887.737,887.335,888.006,888.012,887.909,888.134,888.102,887.898,888.16
27010700,932.459,934.897,934.156,935.879,935.107,935.4,934.932,935.583,935.323,935.264,935.433,935.87,936.171,935.749,935.741,935.335,935.632,935.666,935.497,933.777,934.05,935.365,934.619,935.378,936.058,935.443,935.462
27011100,873.765,873.984,873.755,873.91,873.816,873.867,873.522,873.746,873.7,873.728,873.609,873.799,873.967,873.546,873.751,873.78,873.598,873.682,873.778,873.487,873.807,873.952,873.555,873.751,874.079,873.783,874.225
27011600,891.107,891.428,891.185,891.449,891.186,891.341,889.665,889.868,891.083,891.206,890.984,891.278,890.763,890.406,890.462,891.428,891.232,891.086,891.12,891.076,891.35,891.251,891.023,891.305,891.543,889.774,891.563
27011700,912.35,913.213,912.949,913.353,913.415,913.49,913.134,913.289,913.316,913.363,913.053,913.193,913.48,913.081,913.202,913.291,913.231,912.975,913.056,912.981,913.391,913.276,913.058,913.189,913.471,913.26,913.455
27011800,891.456,891.888,891.322,891.531,891.32,891.606,891.067,891.254,891.007,891.254,890.973,891.202,891.457,890.98,891.261,891.504,891.239,890.948,891.028,890.87,891.428,891.421,891.074,891.31,891.587,891.306,891.759
27011900,901.974,902.555,902.42,902.554,902.436,902.364,902.043,902.305,902.366,902.107,901.779,902.516,902.522,901.836,902.213,902.462,902.239,902.165,902.262,901.646,902.409,902.74,902.265,902.497,902.835,902.522,902.983
27012100,934.972,936.353,936.155,936.213,936.163,936.236,936.029,935.971,936.239,936.252,935.753,936.104,936.457,935.431,935.518,935.617,935.266,935.307,935.466,934.723,935.484,935.823,935.191,935.402,935.524,935.311,935.636
27013300,926.387,928.818,929.214,929.674,929.157,929.065,929.106,929.418,929.216,929.392,928.229,929.299,929.73,929.204,928.84,929.31,929.435,929,929.131,928.251,929.174,929.431,928.421,929.265,929.908,928.78,929.178
27017600,954.56,957.618,957.317,958.093,957.466,956.967,956.445,957.054,956.696,957.105,956.146,957.519,958.488,958.027,957.681,957.18,957.272,956.722,957.145,956.377,957.47,958.204,957.546,957.879,957.781,956.647,957.589
29007100,1327.62,1327.199,1326.819,1327.049,1327.537,1328.125,1328.483,1328.939,1328.472,1328.501,1328.465,1328.166,1328.202,1327.605,1327.221,1327.709,1327.502,1327.177,1327.09,1328.074,1328.21,1328.5,1327.76,1327.999,1328.512,1328.454,1328.551
29015000,1427.588,1427.92,1427.846,1428.362,1428.18,1427.933,1427.88,1428.39,1428.56,1429.176,1429.044,1429.414,1429.054,1428.387,1427.895,1428.208,1428.156,1428.049,1428.079,1428.002,1428.043,1428.413,1427.986,1428.067,1428.173,1427.958,1428.017
29015600,1342.527,1342.754,1342.958,1343.95,1343.152,1342.857,1342.651,1343.347,1342.912,1343.6,1343.005,1343.119,1343.186,1342.474,1342.492,1342.739,1342.329,1342.652,1342.859,1342.725,1342.779,1343.23,1342.506,1342.838,1343.25,1342.935,1342.8
29024300,1439.1,1439.584,1439.718,1439.911,1439.943,1439.595,1439.5,1439.982,1439.784,1440.164,1439.903,1439.674,1439.937,1439.653,1439.79,1439.6,1439.665,1439.635,1439.821,1439.612,1439.75,1439.692,1439.501,1439.721,1439.957,1439.587,1439.629
30000900,894.165,894.19,893.849,894.495,894.15,894.927,894.244,893.744,893.5,893.711,893.58,895.177,894.39,893.807,893.747,893.4,893.798,893.43,893.652,893.519,893.854,894.085,893.919,893.768,894.303,894.038,893.861
30002200,947.14,948.173,947.992,948.283,948.001,948.27,948.005,947.765,947.52,947.612,946.874,947.942,948.303,947.969,947.819,947.837,947.177,947.134,947.559,947.208,947.971,948.723,948.203,948.062,948.722,948.062,948.337
30013600,921.589,921.734,921.139,921.309,921.342,922.2,922.02,922.31,921.08,921.764,920.993,922.668,922.272,921.989,921.42,921.32,921.54,921.28,921.2,921.331,920.93,922.15,922.98,921.9,921.004,921.463,921.33
31026000,1388.139,1387.535,1387.199,1387.218,1387.478,1387.366,1387.981,1388.381,1388.266,1388.845,1388.622,1389.199,1388.51,1387.81,1386.497,1387.874,1387.403,1386.702,1386.681,1386.388,1385.959,1386.491,1386.537,1386.499,1386.813,1386.39,1386.613
31029200,1398.799,1398.362,1398.143,1398.406,1398.65,1398.674,1399.264,1399.877,1399.144,1399.545,1399.088,1399.525,1399.197,1398.458,1398.222,1398.654,1398.447,1397.821,1398.092,1398.054,1397.916,1398.749,1398.449,1398.393,1398.762,1398.077,1398.177
31035300,1261.588,1261.792,1261.752,1262.498,1261.517,1261.051,1261.218,1261.044,1261.071,1262.445,1261.273,1261.825,1261.088,1260.595,1261.09,1261.256,1260.838,1261.198,1261.88,1261.91,1261.37,1262.121,1263.128,1262.114,1262.663,1261.15,1261.7
31041300,1368.206,1367.578,1367.514,1367.741,1368.089,1368.108,1368.569,1368.893,1368.555,1369.071,1368.679,1368.779,1368.722,1368,1367.462,1367.59,1367.23,1366.68,1366.67,1366.729,1366.398,1366.868,1367.023,1367.124,1367.36,1367.045,1367.351
31042200,1367.991,1367.329,1366.81,1367.314,1367.699,1367.557,1368.116,1368.437,1368.223,1368.619,1368.289,1368.289,1368.137,1367.482,1367.106,1367.448,1367.268,1366.662,1366.603,1366.578,1366.228,1367.033,1367.388,1367.186,1367.73,1367.368,1367.691
31042400,1366.886,1366.088,1365.751,1365.936,1366.432,1366.554,1367.143,1367.61,1367.209,1367.638,1367.272,1367.308,1367.07,1366.284,1365.726,1365.95,1366.29,1365.51,1365.15,1366.1,1363.748,1365.31,1365.833,1365.87,1366.133,1365.667,1366.035
31043800,1361.984,1360.845,1359.8,1359.717,1360.21,1360.6,1361.548,1362.391,1362.17,1362.431,1362.199,1362.092,1361.837,1360.239,1359.805,1359.932,1359.893,1358.878,1358.548,1358.572,1358.065,1358.641,1359.358,1359.72,1360.112,1359.535,1359.779
31053800,1368.501,1367.773,1367.496,1367.752,1368.041,1367.991,1368.54,1369.015,1368.711,1369.346,1368.815,1369.156,1368.933,1368.181,1367.764,1368.044,1367.615,1366.917,1366.817,1367.11,1366.38,1367.073,1367.43,1367.84,1367.92,1367.663,1368.17
31057100,1276.48,1276.891,1276.984,1277.038,1276.787,1276.917,1276.853,1277.022,1276.619,1277.401,1276.698,1276.421,1276.295,1276.39,1276.541,1276.62,1276.597,1276.598,1276.764,1276.758,1277.069,1277.187,1276.961,1276.938,1277.075,1276.389,1276.81
31057600,1278.805,1279.102,1278.971,1279.413,1279.61,1279.014,1278.984,1279.14,1278.79,1279.405,1278.78,1279.525,1278.777,1278.604,1278.913,1279.364,1278.708,1278.84,1279.41,1279.06,1278.87,1278.903,1278.945,1278.723,1279.162,1279.135,1279.189
31060200,1346.199,1345.19,1344.264,1344.94,1345.322,1345.068,1346.068,1346.861,1346.465,1346.66,1346.329,1346.668,1345.915,1344.895,1344.532,1345.393,1344.593,1344.104,1344.132,1343.973,1343.101,1344.498,1344.983,1345.003,1345.279,1344.508,1345.537
31061300,1367.437,1366.221,1365.37,1365.23,1365.973,1365.931,1366.719,1367.479,1367.534,1368.062,1368.151,1368.626,1367.957,1366.954,1365.87,1366.298,1365.966,1364.928,1364.878,1364.636,1364.204,1364.54,1365.368,1365.51,1366.119,1365.737,1366.361
31065000,1385.767,1384.899,1384.574,1384.707,1384.773,1384.798,1385.588,1386.109,1385.675,1386.471,1385.966,1386.525,1386.192,1385.516,1385.05,1385.334,1384.877,1384.388,1384.606,1384.6,1384.352,1385.141,1385.383,1385.391,1385.721,1385.467,1385.69
31071900,1308.043,1308.43,1308.045,1308.23,1308.284,1308.218,1308.401,1308.442,1308.133,1308.82,1308.443,1308.277,1308.316,1308.168,1308.379,1308.4,1307.931,1308.083,1308.17,1308.098,1308.135,1308.323,1308.224,1308.076,1308.345,1308.224,1308.306
31072200,1308.374,1308.661,1308.686,1308.931,1308.935,1308.605,1308.681,1308.812,1308.604,1309.4,1308.731,1308.904,1308.779,1308.435,1308.781,1308.88,1308.71,1309.386,1308.58,1309.14,1308.578,1309.12,1309.09,1309.24,1309.47,1308.5,1308.867
31072500,1351.867,1351.207,1351.058,1351.306,1351.946,1351.806,1352.167,1351.51,1351.147,1351.967,1350.98,1351.33,1351.288,1351.119,1351.501,1351.45,1351.209,1351.461,1351.559,1351.583,1351.647,1351.655,1351.668,1351.585,1351.667,1351.244,1351.648
31078600,1324.389,1324.286,1324.434,1324.506,1325.37,1324.715,1324.859,1324.722,1323.917,1325.689,1324.21,1324.925,1324.872,1322.375,1322.786,1322.792,1322.451,1322.218,1322.722,1322.537,1323.628,1323.761,1323.448,1323.031,1323.728,1322.783,1323.148
31081300,1318.88,1319.256,1319.177,1320.493,1320.366,1319.108,1320.266,1320.701,1319.493,1321.57,1318.928,1320.994,1319.832,1319.102,1319.235,1320.84,1319.516,1318.728,1320.155,1319.891,1318.988,1320.773,1319.71,1320.081,1320.918,1319.389,1319.875
31088200,1318.545,1318.732,1318.724,1320.277,1320.089,1318.968,1319.862,1320.346,1318.936,1320.805,1318.661,1320.222,1319.031,1318.282,1319.127,1320.377,1318.812,1318.497,1319.632,1319.357,1319.239,1320.271,1318.987,1319.631,1320.536,1318.906,1319.391
32001800,1388.359,1389.677,1392.518,1392.879,1391.744,1391.622,1391.166,1391.104,1390.909,1391.482,1390.123,1391.88,1389.906,1389.967,1390.01,1391.26,1391.65,1390.623,1390.931,1390.534,1390.96,1391.42,1390.13,1391.696,1390.905,1390.695,1391.43
32002000,1405.362,1406.601,1406.885,1407.295,1406.731,1406.666,1406.281,1406.013,1406.79,1406.76,1406.114,1406.763,1406.46,1406.601,1406.574,1406.844,1407.46,1406.775,1406.605,1406.78,1407.006,1407.16,1406.53,1406.78,1406.746,1406.601,1407.002
32003300,1407.35,1408.657,1408.616,1408.916,1408.559,1408.186,1407.84,1407.88,1408.38,1408.29,1407.148,1408.673,1407.951,1408.344,1408.124,1408.112,1408.8,1408.491,1408.243,1408.513,1409.48,1409.51,1408.33,1409.29,1408.463,1408.338,1408.76
32005702,1399.145,1402.258,1402.68,1402.911,1402.598,1402.231,1402.01,1403.75,1402.17,1401.83,1400.884,1402.27,1401.559,1401.78,1402.158,1402.41,1404.3,1401.907,1404.132,1403.763,1404.256,1403.849,1403.615,1403.17,1403.746,1403.688,1403.859
34002200,1126.042,1126.477,1125.954,1126.292,1125.796,1125.949,1125.476,1125.558,1125.476,1125.709,1125.115,1125.384,1125.605,1125.599,1125.454,1125.409,1125.02,1124.665,1125.09,1125.072,1125.598,1125.883,1125.055,1125.027,1125.864,1124.958,1126.082
34003200,1126.33,1126.864,1126.745,1126.83,1126.11,1126.28,1126.045,1126.543,1126.217,1125.963,1126.017,1125.963,1126.062,1126.186,1126.114,1126.435,1125.43,1125.793,1125.551,1125.873,1126.272,1126.765,1126.003,1126.131,1126.286,1126.118,1126.197
34004400,1171.58,1172.525,1172.419,1172.681,1172.17,1172.346,1172.317,1172.697,1172.088,1172.053,1171.375,1172.091,1172.592,1172.276,1172.17,1172.314,1171.851,1171.733,1171.938,1171.936,1172.35,1172.583,1171.804,1171.917,1172.528,1172.275,1172.484
34006200,1155.572,1156.5,1156.028,1156.518,1155.982,1156.458,1155.826,1156.249,1156.31,1155.883,1155.409,1156.159,1156.383,1156.044,1155.836,1156.116,1155.955,1155.58,1155.713,1155.86,1156.042,1156.666,1155.644,1155.953,1156.584,1155.961,1156.439
34006600,1209.083,1209.508,1209.583,1209.91,1209.925,1209.69,1209.648,1209.701,1209.619,1209.47,1209.261,1209.3,1209.628,1209.78,1209.892,1209.889,1209.59,1209.553,1209.581,1209.614,1210.318,1210.093,1209.414,1209.511,1209.998,1209.796,1209.536
34007800,1181.205,1181.894,1181.925,1181.617,1181.28,1181.383,1180.95,1181.307,1180.837,1180.697,1179.775,1180.41,1180.098,1179.052,1178.664,1179.36,1181.303,1181.382,1181.665,1182.127,1182.179,1181.767,1180.918,1181.613,1182.481,1182.294,1182.472
34007900,1155.982,1157.19,1156.559,1157.135,1156.496,1157.033,1156.304,1156.765,1156.358,1156.416,1155.829,1156.779,1157.07,1156.793,1156.441,1156.899,1156.165,1155.92,1156.194,1156.262,1156.792,1157.411,1155.978,1156.311,1157.298,1156.554,1157.191
34008600,1101.77,1104.141,1103.576,1103.867,1102.033,1102.697,1102.125,1102.783,1102.321,1102.332,1102.298,1102.906,1102.488,1102.918,1102.065,1102.315,1101.857,1101.6,1101.853,1101.917,1103.224,1103.82,1102.54,1102.106,1102.962,1102.042,1103.166
34011600,1164.057,1165.283,1166.42,1166.713,1166.26,1166.487,1166.31,1166.453,1166.149,1166.095,1165.471,1166.188,1166.54,1166.726,1166.284,1166.566,1166.414,1165.857,1165.726,1166.017,1166.649,1166.785,1166.096,1166.161,1166.809,1166.436,1166.709
34011900,1167.21,1167.662,1167.905,1167.855,1168.03,1167.703,1167.453,1167.701,1167.476,1167.42,1167.241,1167.664,1167.809,1167.807,1167.551,1167.621,1167.702,1167.353,1167.519,1167.564,1168.029,1168.422,1168.404,1167.755,1168.365,1168.523,1167.041
34014200,1163.617,1164.823,1165.72,1165.53,1165.22,1165.45,1165.4,1165.537,1165.36,1165.493,1165.205,1165.688,1165.987,1165.73,1165.565,1165.829,1165.554,1165.388,1165.456,1165.752,1166.208,1166.236,1166.177,1165.715,1166.288,1165.815,1165.922
34015400,1165.298,1165.745,1165.437,1165.563,1165.349,1165.517,1164.944,1165.635,1165.376,1165.16,1165.138,1165.236,1165.552,1165.167,1165.267,1165.61,1165.5,1165.218,1165.266,1165.296,1165.837,1166.15,1165.633,1165.493,1166.397,1165.892,1166.024
34015800,1203.566,1203.785,1203.581,1203.535,1203.494,1203.539,1203.498,1203.52,1203.558,1203.52,1203.416,1203.535,1203.588,1203.51,1203.545,1203.562,1203.36,1203.448,1203.512,1203.569,1203.604,1203.83,1203.405,1203.577,1203.923,1203.727,1203.818
34016900,1105.402,1105.882,1106.325,1105.967,1104.89,1105.47,1104.979,1105.886,1105.263,1105.321,1104.903,1104.962,1105.118,1105.171,1105.221,1104.847,1104.66,1104.745,1104.991,1103.773,1105.512,1105.808,1105.329,1104.962,1105.442,1105.022,1105.839
34017100,1124.968,1125.162,1124.884,1125.467,1124.827,1124.875,1124.886,1125.079,1124.891,1124.955,1124.666,1124.517,1125.171,1125.405,1125.075,1125.332,1125.259,1125.245,1124.243,1124.814,1125.339,1125.412,1124.998,1124.992,1125.585,1125.721,1125.913
34017200,1162.91,1164.319,1166.075,1166.393,1165.46,1166.193,1165.785,1166.017,1165.45,1165.647,1165.058,1165.613,1165.42,1165.383,1164.931,1165.36,1165.489,1164.773,1164.372,1164.643,1165.553,1166.23,1165.284,1164.97,1165.766,1165.266,1165.159
34018100,1116.532,1117.415,1117.68,1117.477,1117.12,1117.328,1117.195,1117.427,1117.135,1117.124,1116.84,1116.951,1117.415,1117.281,1117.226,1117.385,1117.224,1116.978,1117.088,1117.204,1117.56,1117.424,1117.252,1117.183,1117.521,1117.191,1117.493
34019200,1162.045,1162.806,1165.234,1166.327,1165.717,1165.803,1165.236,1165.431,1165.035,1164.689,1163.839,1164.82,1165.135,1165.257,1164.8,1165.092,1164.75,1164.368,1164.263,1164.259,1165.397,1165.781,1164.854,1164.64,1165.541,1165.04,1165.075
34019300,1138.81,1140.006,1141.23,1142.995,1142.305,1141.647,1141.685,1141.657,1141.307,1141.467,1140.846,1141.254,1141.675,1141.996,1141.822,1142.362,1141.27,1141.097,1141.079,1141.078,1142.168,1143.577,1141.736,1141.599,1142.401,1141.81,1141.788
34019600,1127.326,1127.964,1128.53,1127.964,1127.602,1127.722,1127.698,1127.682,1127.655,1127.694,1127.491,1127.347,1127.785,1127.487,1127.55,1127.602,1127.378,1127.64,1127.944,1127.665,1128.02,1127.52,1127.385,1128.681,1128.059,1127.766,1127.907
34020600,1187.98,1190.294,1191.468,1191.74,1191.155,1191.122,1190.727,1191.161,1190.64,1190.674,1190.233,1190.376,1190.723,1190.543,1190.84,1190.776,1190.285,1189.892,1190.146,1190.456,1190.625,1191.28,1190.303,1190.09,1191.346,1190.481,1190.812
34021700,1118.019,1120.063,1121.167,1121.678,1120.263,1120.072,1119.972,1120.424,1120.032,1119.876,1119.43,1120.379,1120.185,1120.015,1119.947,1120.36,1120.003,1118.929,1119.758,1119.882,1120.339,1121.818,1119.967,1119.946,1120.96,1120.229,1119.779
34022400,1195.572,1196.621,1197.385,1197.403,1197.38,1197.333,1196.943,1197.286,1197.041,1197.188,1196.895,1197.223,1197.428,1197.175,1197.222,1197.161,1197.06,1196.648,1196.791,1196.907,1197.359,1197.503,1196.909,1197.04,1196.926,1197.011,1196.702
34024600,1135.015,1136.378,1138.155,1138.593,1137.5,1137.943,1137.975,1138.297,1137.387,1137.43,1137.185,1137.682,1137.854,1137.986,1137.423,1137.75,1137.423,1136.828,1136.211,1136.015,1137.991,1138.82,1137.045,1137.143,1137.409,1136.95,1137.017
34025100,1195.46,1196.803,1197.47,1197.44,1197.438,1197.418,1197.174,1197.716,1197.413,1197.425,1197.032,1197.41,1197.423,1197.319,1197.276,1197.603,1197.085,1196.652,1196.942,1196.894,1197.488,1197.669,1196.932,1196.724,1197.817,1197.198,1197.58
34028300,1121.067,1122.352,1122.435,1122.583,1122.3,1122.223,1122.225,1122.573,1122.37,1121.907,1121.705,1121.958,1122.104,1122.068,1122.026,1122.1,1122.054,1122.175,1122.243,1122.123,1122.832,1123.78,1122.318,1122.293,1122.838,1122.282,1122.542
40003100,999.073,999.982,999.73,1001.475,999.52,999.959,999.624,1000.38,1001.38,1001.03,999.43,999.15,999.489,999.383,1000.251,999.933,999.533,1000.342,1000.922,1000.12,1000.88,1000.768,1000.13,1000.96,1000.927,1000.648,1001.131
40003300,1025.85,1027.451,1027.787,1028.297,1027.938,1027.848,1027.6,1027.695,1027.768,1027.834,1027.73,1027.618,1027.675,1027.654,1027.865,1027.849,1027.68,1027.687,1027.79,1026.589,1028.101,1028.069,1027.629,1027.987,1028.656,1028.013,1028.521
40009200,1014.499,1016.206,1017.952,1019.27,1018.02,1018.126,1018.022,1018.099,1017.829,1018.109,1017.62,1018.107,1017.421,1017.157,1017.256,1017.651,1017.228,1017.233,1017.626,1017.005,1017.936,1018.427,1017.4,1017.24,1017.7,1017.48,1018.36
40009202,1013.552,1015.561,1017.85,1019.086,1018.094,1017.989,1017.978,1018.094,1017.815,1018.119,1017.624,1018.088,1017.421,1017.153,1017.267,1017.652,1017.228,1017.217,1017.626,1016.996,1017.941,1018.418,1016.995,1017.496,1018.534,1018.06,1018.735
43001200,992.64,993.351,994.165,993.392,993.724,992.8,992.614,993.383,992.879,993.1,992.772,992.959,993.667,992.771,992.885,992.97,992.49,992.707,992.921,992.874,993.11,993.996,992.75,993.301,994.23,992.72,993.476
47004600,1067.64,1067.954,1067.747,1068.066,1067.84,1068.015,1067.848,1067.936,1067.915,1067.815,1067.958,1067.719,1068.053,1068.01,1067.76,1067.892,1067.572,1067.454,1067.688,1067.641,1067.868,1068.075,1067.709,1067.75,1067.926,1067.831,1067.989
47005000,1069.965,1070.966,1069.562,1071.438,1069.842,1070.19,1069.363,1070.028,1070.078,1069.61,1069.251,1069.76,1069.864,1069.744,1069.472,1069.788,1069.346,1069.164,1069.285,1069.202,1069.561,1070.343,1069.497,1069.562,1069.782,1069.565,1069.908
47006800,1067.674,1068.109,1067.793,1068.168,1067.836,1068.081,1067.659,1068.018,1068.005,1067.854,1067.547,1067.454,1068.16,1067.783,1067.871,1067.894,1067.481,1067.338,1067.597,1067.53,1067.854,1068.275,1067.798,1067.759,1067.941,1067.817,1068.089
47009500,1129.445,1130.731,1130.136,1130.863,1130.263,1130.311,1129.985,1129.882,1130.341,1130.441,1129.351,1130.228,1130.556,1130.304,1130.198,1130.24,1130.005,1130.001,1130.19,1130.237,1130.498,1131.018,1130.535,1130.438,1130.577,1130.7,1130.785
47011900,1138.107,1139.607,1141.672,1142.092,1141.606,1141.644,1141.485,1141.876,1141.747,1141.623,1140.426,1141.03,1141.42,1141.228,1140.87,1141.337,1140.947,1140.26,1139.98,1139.714,1140.911,1141.88,1140.932,1140.798,1141.316,1141.109,1141.426
48001200,1247.679,1249.19,1248.09,1248.894,1248.879,1249.346,1248.692,1248.679,1247.513,1248.655,1247.133,1249.23,1249.877,1249.04,1248.19,1249.365,1248.5,1247.64,1248.04,1248.58,1248.13,1248.206,1249.484,1249.317,1250.316,1248.678,1249.055
49001600,1255.433,1255.743,1254.914,1256.366,1255.852,1255.419,1255.076,1255.261,1255.178,1256.086,1255.153,1256.441,1256.015,1256.6,1255.149,1255.819,1254.667,1254.715,1255.9,1255.43,1255.742,1256.453,1255.934,1256.239,1256.149,1255.251,1255.2
49007900,1276.235,1275.866,1275.987,1276.758,1276.24,1276.113,1275.956,1275.985,1275.473,1275.908,1275.788,1277.183,1275.97,1276.483,1275.412,1276.165,1275.719,1275.736,1275.81,1276.189,1276.595,1276.917,1276.517,1276.74,1276.994,1276.03,1275.966
51004600,1480.449,1481.941,1482.293,1483.449,1482.318,1482.74,1482.333,1482.569,1482.074,1482.028,1481.722,1482.829,1482.247,1481.59,1482.466,1482.347,1482.233,1482.7,1481.958,1481.993,1482.86,1482.62,1481.913,1482.248,1482.583,1482.319,1482.581
53000700,1534.284,1534.254,1534.726,1535.217,1534.392,1534.508,1534.125,1534.347,1534.274,1534.253,1534.258,1534.831,1535.896,1535.573,1534.983,1535.15,1535.56,1534.542,1534.369,1534.36,1534.418,1534.696,1534.259,1534.29,1534.246,1533.953,1534.595
56013000,1331.356,1332.064,1331.933,1332.906,1332.135,1331.887,1332.352,1332.567,1332.354,1332.28,1332.247,1332.128,1331.71,1331.74,1332.05,1332.164,1331.892,1332.12,1332.158,1332.006,1332.541,1332.415,1331.907,1332.33,1332.582,1332.02,1332.132
56014100,1321.556,1322.43,1322.113,1323.218,1322.333,1322.124,1322.368,1322.762,1322.662,1322.841,1322.449,1322.654,1322.2,1321.977,1322.08,1322.59,1322.144,1322.259,1322.284,1322.617,1322.888,1322.982,1322.081,1322.389,1323.149,1322.225,1322.38
56014200,1333.451,1334.094,1333.699,1334.703,1333.977,1333.83,1333.918,1334.353,1334.15,1334.219,1333.957,1334.247,1333.78,1333.659,1333.887,1333.746,1333.848,1334.147,1334.001,1334.783,1334.348,1334.91,1334.71,1334.675,1334.21,1334.348,1333.87
56023900,1332.471,1332.719,1332.213,1333.452,1333.144,1333.134,1333.231,1333.104,1333.373,1333.809,1333.213,1334.45,1333.557,1332.952,1332.638,1333.335,1333.333,1333.854,1333.125,1333.878,1333.138,1333.911,1332.808,1332.965,1333.617,1332.841,1332.358
56024000,1328.02,1327.968,1327.829,1328.079,1327.926,1327.91,1328.02,1327.927,1328.066,1328.304,1327.909,1328.601,1328.28,1327.906,1327.958,1328.124,1328.181,1328.234,1328.036,1328.39,1328.114,1328.603,1327.817,1328.095,1328.447,1327.96,1327.943
56024200,1320.175,1320.792,1320.604,1321.244,1320.633,1320.453,1320.534,1320.962,1320.84,1321.139,1320.744,1320.981,1320.514,1320.305,1320.441,1320.684,1320.618,1320.617,1320.581,1321.115,1321.184,1321.205,1321.003,1320.709,1321.339,1320.425,1320.657
56038500,1329.594,1329.858,1329.645,1330.331,1329.836,1328.86,1328.405,1329.039,1329.364,1329.687,1329.399,1329.544,1328.752,1328.815,1329.468,1329.589,1329.675,1329.496,1329.12,1329.748,1329.657,1329.822,1328.819,1328.999,1329.903,1329.193,1328.898
56047500,1329.167,1330.143,1329.746,1330.198,1329.906,1329.96,1329.92,1329.55,1329.913,1329.94,1329.681,1329.984,1329.782,1329.862,1329.742,1329.963,1329.907,1329.93,1329.78,1329.515,1329.605,1329.54,1329.41,1329.51,1329.756,1329.452,1329.59
56074700,1314.53,1314.585,1314.856,1315.4,1315.8,1314.382,1314.369,1314.921,1315.057,1314.853,1314.419,1314.5,1314.421,1313.824,1314.132,1314.897,1314.504,1314.892,1314.627,1315.075,1315.105,1314.961,1313.933,1314.311,1315.308,1313.938,1313.795
56076000,1313.463,1313.723,1313.425,1314.488,1314.159,1313.936,1313.893,1314.775,1314.844,1314.644,1314.204,1314.643,1314.139,1313.507,1313.909,1314.618,1314.209,1314.244,1314.31,1314.805,1314.433,1314.79,1313.263,1313.849,1314.66,1313.51,1313.509
56078100,1193.295,1193.89,1193.033,1193.856,1193.425,1193.185,1192.911,1193.236,1193.208,1193.274,1193.167,1193.414,1193.251,1193.061,1193.434,1193.683,1193.731,1192.702,1193.351,1193.296,1194.08,1194.255,1193.169,1193.231,1193.933,1193.466,1193.148
56078400,1253.46,1253.747,1253.484,1254.113,1253.217,1253.389,1253.361,1253.633,1253.415,1253.453,1253.298,1254.091,1253.593,1253.828,1253.429,1254.118,1253.895,1254.144,1253.662,1254.14,1254.196,1254.29,1253.455,1253.575,1254.23,1253.625,1253.667
56091500,1312.64,1312.4,1312.403,1312.745,1312.651,1312.613,1312.658,1312.933,1313.066,1313.025,1312.767,1312.937,1312.672,1312.536,1312.687,1312.951,1312.814,1312.882,1312.81,1313.223,1313.02,1313.085,1312.67,1313.01,1313.088,1312.611,1312.646
58006700,1067.305,1068.173,1069.053,1069.102,1068.729,1068.52,1068.944,1069.034,1068.65,1068.488,1068.298,1069.18,1068.54,1068.775,1068.536,1068.429,1067.996,1067.339,1067.759,1067.655,1067.714,1068.832,1068.909,1068.68,1069.379,1068.769,1069.442
58008100,1069.808,1070.92,1070.54,1070.14,1069.961,1070.174,1070.4,1070.271,1069.59,1070.149,1069.54,1069.789,1070.286,1069.85,1069.852,1070.154,1069.909,1068.818,1070.38,1069.968,1069.659,1070.811,1070.831,1070.252,1070.715,1069.619,1071.283
58012300,1092.655,1093.116,1092.763,1092.83,1092.688,1092.934,1092.552,1092.54,1092.397,1092.741,1092.505,1092.636,1092.864,1093.706,1092.732,1092.509,1092.316,1092.269,1092.714,1092.463,1092.797,1092.885,1092.989,1092.707,1092.862,1092.532,1092.862
60020200,1206.953,1204.938,1203.507,1205.46,1207.854,1211.717,1213.465,1214.554,1215.24,1216.79,1214.913,1214.098,1212.866,1211.313,1211.466,1213.234,1213.073,1212.376,1210.882,1213.683,1213.803,1214.356,1210.334,1209.905,1210.107,1207.631,1205.938
60021700,1209.523,1208.985,1208.61,1209.391,1210.403,1211.53,1212.493,1213.799,1215.199,1216.379,1214.458,1212.562,1212.253,1211.803,1211.675,1212.168,1211.858,1211.609,1211.528,1213.531,1212.98,1213.13,1210.527,1211.331,1211.271,1210.645,1210.377
60030500,1171.3,1171.423,1172.28,1172.361,1172.524,1172.726,1172.608,1172.77,1172.67,1172.821,1172.394,1172.343,1172.642,1172.155,1172.43,1172.36,1172.127,1172.314,1172.106,1172.406,1172.633,1172.94,1171.58,1172.95,1172.462,1172.017,1172.413
61007200,1180.52,1181.211,1180.605,1180.618,1180.659,1180.958,1180.658,1180.412,1180.164,1180.03,1179.392,1180.152,1179.944,1179.754,1180.09,1180.6,1179.298,1179.802,1180.125,1179.929,1180.454,1181.099,1179.69,1179.921,1180.371,1180.288,1180.128
61011100,1138.215,1138.54,1139.195,1139.29,1138.996,1139.198,1138.659,1139.201,1138.53,1138.564,1138.188,1138.812,1138.929,1138.927,1138.485,1139.11,1138.296,1138.082,1138.431,1139.43,1139.06,1139.911,1138.29,1139,1139.254,1139.254,1138.35
61013000,1137.357,1138.126,1138.556,1138.424,1138.108,1138.308,1138.144,1138.185,1137.671,1137.588,1137.613,1138.313,1137.654,1137.82,1137.564,1138.081,1137.536,1137.286,1137.492,1137.609,1137.959,1138.459,1137.503,1137.799,1137.878,1137.589,1137.615
65000200,1047.082,1047.907,1047.97,1048.03,1047.835,1047.83,1048.32,1047.867,1047.8,1047.516,1046.917,1047.42,1047.607,1047.516,1047.463,1047.684,1047.31,1047.196,1047.341,1047.9,1047.971,1047.853,1047.316,1047.533,1047.864,1047.387,1048.363
65000600,1051.163,1050.967,1051.448,1051.53,1050.586,1050.87,1050.873,1051.411,1051.255,1051.163,1050.901,1050.965,1051.345,1051.132,1051.046,1051.512,1051.057,1051.013,1050.988,1051.148,1051.385,1051.314,1050.842,1050.899,1051.183,1050.854,1051.473
66003800,1051.071,1051.43,1051.56,1051.875,1051.184,1051.588,1051.588,1051.104,1051.685,1051.885,1051.812,1051.737,1051.18,1051.434,1051.616,1051.804,1051.282,1050.92,1051.397,1050.65,1052.001,1051.176,1051.859,1051.864,1051.913,1051.469,1052.05
69002700,1528.562,1528.611,1528.636,1528.94,1528.508,1528.55,1528.594,1528.59,1528.59,1528.71,1528.566,1528.864,1528.376,1529.461,1528.399,1528.318,1528.229,1528.302,1528.38,1528.386,1527.973,1528.275,1528.625,1528.443,1528.402,1528.25,1528.497
69002800,1540.119,1539.812,1540.174,1540.684,1540.632,1540.418,1540.86,1540.573,1540.417,1540.676,1540.248,1540.343,1540.496,1540.233,1540.564,1540.296,1540.254,1540.204,1541.048,1540.783,1540.332,1540.806,1540.672,1541.485,1540.869,1540.531,1540.962
69023100,1371.24,1371.187,1371.022,1371.168,1371.2,1371.196,1371.274,1371.331,1371.045,1371.481,1371.282,1371.334,1371.275,1371.318,1371.494,1371.447,1371.046,1371.588,1371.774,1371.685,1371.906,1371.668,1371.571,1371.712,1371.938,1371.961,1372.227
69037800,1357.745,1357.618,1357.659,1358.13,1357.86,1357.292,1357.889,1357.451,1357.206,1358.135,1357.54,1358.269,1357.466,1357.197,1357.594,1357.551,1357.258,1357.644,1358.121,1357.616,1357.384,1357.555,1357.833,1357.74,1358.173,1357.412,1358.081
69050100,1354.221,1355.142,1355.436,1355.491,1355.131,1355.054,1355.88,1355.633,1354.773,1355.125,1355.023,1355.435,1355.252,1354.757,1354.711,1354.951,1354.581,1354.181,1354.771,1354.727,1354.646,1355.03,1355.35,1355.595,1355.696,1354.236,1355.124
69050900,1355.078,1354.705,1355.082,1355.243,1355.122,1355.172,1355.317,1355.358,1355.527,1356.212,1355.379,1355.399,1355.494,1355.646,1355.26,1355.52,1355.961,1354.893,1355.244,1355.706,1355.791,1355.33,1356.033,1355.28,1355.651,1355.527,1354.93
69062700,1315.305,1315.516,1315.931,1315.987,1315.888,1315.652,1315.971,1315.778,1316.068,1316.319,1315.926,1315.6,1315.962,1315.611,1316.109,1316.164,1315.812,1316.115,1316.347,1316.212,1316.206,1316.399,1316.163,1316.27,1316.292,1316.188,1316.538
69066000,1375.58,1375.693,1375.706,1375.816,1375.832,1375.778,1375.719,1375.717,1375.503,1375.736,1375.71,1375.67,1375.642,1375.563,1375.58,1375.594,1375.441,1375.547,1375.472,1375.67,1375.537,1375.564,1375.612,1375.427,1375.608,1375.566,1375.77
69066900,1435.534,1435.417,1435.439,1436.056,1435.631,1434.886,1435.559,1435.242,1434.825,1435.359,1434.909,1435.176,1435.359,1435.691,1435.402,1434.967,1434.1,1435.035,1435.407,1435.841,1435.555,1436.132,1435.205,1434.777,1435.115,1434.771,1435.1
69070000,1312.128,1312.137,1311.546,1312.251,1312.187,1311.804,1311.947,1311.736,1311.99,1312.007,1311.474,1311.527,1311.928,1311.716,1311.892,1311.868,1311.267,1310.582,1311.656,1311.573,1311.284,1311.52,1311.842,1311.783,1311.824,1311.626,1311.946
69073600,1466.125,1465.106,1465.171,1465.253,1465.519,1465.194,1465.271,1465.33,1466.094,1465.334,1465.077,1465.24,1465.146,1467.028,1465.158,1465.08,1464.784,1465.062,1465.232,1465.266,1465.268,1465.117,1465.231,1465.128,1465.354,1465.269,1465.36
69079600,1432.492,1432.428,1432.583,1432.635,1432.593,1432.582,1432.557,1432.65,1432.413,1432.62,1432.215,1432.58,1432.74,1432.37,1432.479,1432.169,1431.972,1432.107,1432.352,1432.31,1432.32,1432.37,1432.41,1432.066,1431.752,1432.138,1432.483
69084100,1287.608,1287.909,1287.745,1288.254,1287.949,1287.654,1287.948,1287.727,1287.402,1287.782,1287.435,1288.015,1287.427,1287.616,1287.622,1287.608,1287.291,1287.259,1287.747,1287.81,1287.615,1287.855,1287.705,1287.843,1287.819,1287.591,1288.01
69093900,1371.108,1371.435,1371.42,1371.885,1372.223,1371.228,1371.965,1371.611,1371.021,1371.597,1370.973,1371.879,1371.78,1371.15,1371.501,1371.361,1370.826,1371.558,1371.799,1371.328,1371.086,1371.892,1371.934,1371.586,1372.218,1371.455,1371.888
70005400,911.15,911.81,911.25,911.437,910.561,910.619,910.155,910.567,910.787,910.633,909.983,910.106,910.783,909.879,909.895,909.803,909.767,910.239,909.803,909.588,910.329,910.322,910.2,910.324,912.48,910.847,910.789
70007200,897.574,899.821,902.345,903.617,902.519,902.771,902.153,902.488,903.373,903.082,902.321,902.886,901.666,902.277,901.664,901.627,901.664,901.58,901.909,899.821,901.424,902.943,901.831,903.011,903.732,902.273,902.553
71014700,963.351,963.35,962.951,962.766,962.848,962.826,962.728,962.964,962.615,962.919,962.575,963.142,963.758,962.211,962.852,963.434,962.645,962.694,962.903,962.669,962.938,963.242,963.122,963.273,963.886,963.206,963.176
73003700,1116.358,1116.397,1116.282,1116.3,1116.116,1116.291,1116.283,1116.116,1116.112,1116.091,1115.932,1116.38,1116.42,1116.46,1116.08,1116.525,1116.009,1116.09,1116.277,1116.203,1116.414,1117.117,1116.66,1116.197,1116.342,1116.032,1115.98
73005500,1105.355,1105.402,1105.096,1105.389,1105.374,1105.368,1105.137,1105.119,1105.086,1104.991,1105.02,1105.741,1105.37,1105.116,1105.176,1105.105,1106.271,1104.693,1105.093,1105.125,1105.138,1105.537,1105.051,1105.26,1105.818,1105.104,1105.111
73010600,1194.121,1194.885,1195.78,1196.41,1196.31,1196.39,1196.104,1196.292,1196.358,1196.068,1195.315,1195.975,1196.369,1196.259,1196.221,1196.122,1195.845,1195.692,1196.048,1196.114,1196.314,1196.477,1195.857,1196.008,1196.397,1196.052,1196.193
73015900,1092.512,1092.036,1092.668,1092.933,1092.483,1092.543,1092.409,1092.372,1092.191,1091.965,1091.464,1092.962,1092.197,1092.047,1091.882,1092.065,1091.714,1091.513,1091.868,1092.871,1092.409,1093.156,1091.797,1092.235,1092.886,1092.369,1092.516
73019600,1122.869,1123.908,1123.313,1123.825,1123.524,1123.986,1122.892,1123.289,1123.101,1123.011,1122.284,1122.903,1123.52,1123.795,1122.59,1123.335,1122.675,1122.57,1123.232,1122.821,1123.702,1126.29,1123.02,1124.181,1124.311,1123.575,1123.793
73020000,1122.746,1123.297,1122.936,1122.819,1123.023,1122.866,1122.868,1123.282,1123.072,1123.683,1122.404,1122.843,1122.885,1122.688,1122.844,1123.022,1122.337,1122.799,1122.882,1122.746,1122.954,1125.59,1122.99,1122.732,1123.168,1122.979,1123.122
77008400,1184.598,1184.967,1185.005,1184.962,1184.868,1184.789,1184.784,1184.404,1184.86,1184.686,1184.475,1184.471,1185.049,1184.698,1184.537,1184.698,1184.26,1184.43,1184.776,1184.49,1184.63,1185.1,1184.589,1184.637,1184.904,1184.606,1184.574
77008900,1183.301,1183.384,1183.414,1183.43,1183.421,1183.75,1183.338,1183.587,1183.417,1183.297,1183.314,1183.272,1183.576,1183.084,1183.475,1183.618,1182.765,1183.473,1183.312,1183.299,1183.331,1183.575,1183.151,1183.711,1183.819,1183.11,1183.173
77015400,1253.597,1254.462,1254.872,1255.259,1255.524,1256.236,1257.178,1256.438,1255.021,1254.798,1253.501,1255.296,1255.591,1256.01,1254.817,1254.561,1254.275,1254.262,1254.947,1255.846,1255.888,1257.008,1255.379,1255.016,1255.616,1255.275,1255.073
77018100,1331.408,1332.031,1331.729,1332.26,1331.808,1331.975,1331.87,1331.806,1331.974,1332.038,1331.579,1332.175,1332.366,1332.35,1331.912,1332.616,1331.881,1331.77,1332.021,1331.651,1332.245,1332.479,1331.88,1332.02,1332.368,1332.176,1332.199
77021500,1321.994,1323.321,1322.765,1323.474,1322.813,1323.24,1322.35,1323.26,1322.737,1323.072,1321.876,1323.337,1323.423,1323.691,1322.269,1323.367,1322.181,1322.451,1322.928,1322.631,1323.006,1323.772,1322.822,1323.346,1324.081,1323.228,1322.831
80000500,1254.433,1254.5,1254.483,1255.215,1255.589,1256,1256.495,1256.708,1256.287,1256.567,1255.927,1256.266,1256.33,1255.894,1255.443,1255.883,1255.736,1255.802,1255.784,1255.949,1256.291,1256.804,1256.372,1256.42,1256.889,1256.342,1256.051
82007400,875.168,875.085,875.763,875.997,875.246,876.041,875.976,875.438,875.929,875.913,875.722,875.694,875.943,875.631,875.413,875.339,875.183,874.144,873.951,871.425,869.269,874.537,874.745,874.747,875.788,875.418,875.863
82008000,934.711,936.218,936.294,937.078,936.877,937.083,937.072,936.816,936.809,936.969,936.508,936.997,937.266,937.468,936.987,937.233,936.668,936.263,936.706,935.616,935.623,936.856,936.469,936.705,937.095,936.967,937.042
82009100,956.05,955.95,955.864,955.745,955.575,955.663,955.38,955.732,955.835,955.773,955.565,955.944,955.945,955.245,955.721,955.621,955.454,955.551,955.972,955.445,955.698,955.687,955.748,955.439,955.91,955.62,956.02
82010400,921.092,921.457,922.168,922.858,922.628,922.734,922.616,922.417,922.538,922.435,922.153,922.385,922.582,922.369,921.829,921.955,922.097,921.188,920.941,920.142,919.71,920.33,921.68,921.49,921.61,921.56,922.33
82010600,884.54,884.218,884.17,884.779,884.815,884.875,884.671,884.83,884.942,884.723,884.329,884.489,884.519,884.447,884.306,884.204,884.124,884.049,883.828,883.044,882.647,884.29,883.72,884.31,884.42,884.36,884.49
82011000,887.231,885.457,885.13,887.679,887.475,887.883,888.002,888.003,887.745,887.238,887.001,888.649,888.222,887.907,886.868,887.474,889.165,889.55,886.73,887.5,884.72,885.31,885.692,888.448,889.576,886.536,886.207
82011500,962.729,963.435,963.1,963.546,963.35,963.338,963.163,963.426,963.348,963.333,963.329,963.58,963.469,963.305,963.703,963.547,963.272,963.391,963.34,963.246,963.311,963.324,963.243,963.322,963.51,963.27,963.31
82011800,936.039,937.307,938.12,939.207,938.229,939.252,938.337,938.679,937.857,938.747,937.57,939.106,939.359,938.057,937.857,938.574,938.523,937.579,937.595,936.387,937.21,938.373,937.28,937.228,939.033,937.36,938.37
82014000,928.43,929.515,930.445,930.83,930.985,931.796,931.827,931.348,931.064,930.7,930.13,930.143,930.87,931.181,930.685,930.57,930.561,929.452,929.528,928.577,928.419,928.99,928.97,928.996,929.72,929.683,930.451
82015900,901.456,901.449,901.238,901.577,901.394,901.608,901.362,901.374,901.436,901.487,901.679,901.644,901.548,901.607,901.499,901.417,901.255,901.186,901.309,901.175,901.433,901.559,901.459,901.46,901.638,901.576,901.502
82016600,906.819,907.138,907.149,908.226,907.61,907.519,907.244,907.629,907.755,907.645,907.354,907.533,907.563,907.292,907.449,907.584,907.365,907.695,907.57,907.553,907.75,907.751,907.671,907.559,907.6,906.95,907.72
83004000,1127.874,1128.477,1128.432,1128.479,1128.286,1128.371,1128.297,1128.44,1128.55,1128.67,1128.156,1128.466,1127.969,1128.224,1127.538,1128.545,1128.59,1127.873,1127.82,1127.905,1128.438,1128.254,1127.873,1127.64,1128.199,1128.015,1128.638
83004300,1077.943,1078.972,1078.858,1079.558,1078.838,1078.709,1078.775,1078.692,1079.4,1079.43,1077.16,1081.5,1077.89,1078.514,1078.828,1079.186,1078.377,1078.82,1078.908,1078.638,1079.533,1078.89,1077.191,1078.581,1079.112,1078.557,1079.263
86001100,950.786,951.909,952.667,953.926,955.764,955.848,955.768,954.678,953.737,953.405,952.304,952.712,954.281,954.291,953.532,953.392,953.223,952.901,952.783,952.422,953.538,954.521,953.488,953.466,954.768,953.513,953.894
86002300,963.347,965.637,966.651,967.377,968.573,968.709,968.744,968.254,968.31,967.42,967.25,967.336,969.166,969.12,968.06,968.108,968.92,968.11,967.664,966.872,967.824,969.105,968.658,968.429,969.047,968.32,968.01
86005300,961.918,962.579,963.679,964.553,965.989,966.575,965.88,966.023,965.449,965.147,963.89,964.108,965.971,965.582,965.238,965.342,965.246,965.122,964.963,964.16,964.723,966.275,965.485,965.511,965.987,965.09,965.288
86013400,997.363,998.983,1000.684,1000.646,1000.784,1000.904,1000.254,1000.533,1000.614,1000.772,1000.164,1000.553,1001.347,1000.664,1000.322,1000.99,1000.266,1000.295,1000.776,1000.68,1001.171,1000.895,1000.202,1000.381,1001.234,1000.716,1000.945
86022300,1006.891,1008.143,1009.051,1009.438,1012.383,1011.467,1011.262,1009.528,1009.215,1008.669,1007.736,1008.057,1008.587,1010.227,1009.159,1009.141,1009.23,1009.06,1008.88,1008.475,1008.517,1009.98,1010.643,1009.92,1010.899,1010.883,1011.33
86028900,1048.678,1050.033,1049.545,1049.77,1049.652,1049.426,1049.328,1049.52,1049.8,1049.56,1049.27,1049.326,1050.676,1049.858,1049.579,1049.73,1049.342,1049.69,1049.86,1049.527,1049.84,1050.685,1049.942,1049.622,1050.307,1049.933,1050.274
