"","start","end","length_time","correlation","rsquared","p_value","Sing_level"
"","","","","","","",""
"56091500","1999-05-01","2008-05-01","55","0.2308","0.0532","0.090082","."
"","","","","","","",""
"3057600","1994-05-01","1998-10-01"," 30","0.1069","0.0114","0.573947"," "
"3057600","1999-06-01","2017-05-01","108","0.2237","0.05","0.019942","*"
"","","","","","","",""
"56078400","1994-05-01","1997-09-01","23","-0.0866","0.0075","0.694501"," "
"","","","","","","",""
"56038500","1990-05-01","1997-10-01","48","0.109","0.0119","0.460873"," "
"56038500","2011-05-01","2016-09-01","35","0.3654","0.1335","0.03091","*"
"","","","","","","",""
"56038601","1994-06-01","2004-08-01","63","0.3076","0.0946","0.014206","*"
"56038601","2009-05-01","2016-05-01","43","0.5127","0.2629","0.000439","***"
"","","","","","","",""
"3019500","1997-05-01","2003-09-01","41","0.3935","0.1548","0.010925","*"
"3019500","2004-05-01","2009-09-01","35","0.004","0","0.981841"," "
"3019500","2011-05-01","2015-05-01","25","0.6559","0.4301","0.000372","***"
"","","","","","","",""
"34006600","1995-05-01","1998-08-01","22","0.6192","0.3835","0.002119","**"
"34006600","1998-10-01","2002-07-01","22","0.7072","0.5001","0.000233","***"
"34006600","2002-10-01","2009-09-01","42","0.1028","0.0106","0.517051"," "
"34006600","2013-05-01","2017-09-01","29","0.1847","0.0341","0.33734"," "
"","","","","","","",""
"73015900","1993-05-01","2001-09-01","53","0.4012","0.1609","0.002911","**"
"73015900","2002-05-01","2006-09-01","29","0.0677","0.0046","0.727019"," "
"73015900","2008-05-01","2012-09-01","29","0.3541","0.1254","0.059489","."
"","","","","","","",""
"5001300","1990-06-01","1993-08-01","21","0.5813","0.3379","0.005716","**"
"","","","","","","",""
"77021500","1990-08-01","1996-05-01","34","0.3307","0.1094","0.056093","."
"77021500","2003-05-01","2014-09-01","71","0.2015","0.0406","0.091899","."
"","","","","","","",""
"29018500","1992-05-01","1995-05-01","19","0.2599","0.0676","0.282524"," "
"29018500","1995-08-01","1998-09-01","20","0.2393","0.0573","0.30958"," "
"29018500","1999-05-01","2009-05-01","61","0.2129","0.0453","0.099435","."
"","","","","","","",""
"77008400","1990-07-01","1996-07-01","37","0.5583","0.3117","0.00033","***"
"","","","","","","",""
"49012700","1994-08-01","2003-08-01","55","0.0965","0.0093","0.483348"," "
"49012700","2004-05-01","2009-05-01","31","0.0296","9e-04","0.874206"," "
"","","","","","","",""
"18035200","1992-09-01","1995-09-01","19","0.6244","0.3898","0.00427","**"
"18035200","1996-10-01","2001-09-01","30","0.2913","0.0849","0.118331"," "
"18035200","2007-05-01","2012-08-01","34","0.1697","0.0288","0.337339"," "
"","","","","","","",""
"49001600","1990-05-01","1992-09-01","17","0.5236","0.2742","0.030991","*"
"49001600","1994-05-01","1999-09-01","35","0.2892","0.0837","0.091941","."
"49001600","2003-05-01","2011-09-01","53","0.1183","0.014","0.398718"," "
"","","","","","","",""
"27017600","1997-08-01","2000-09-01","20","0.4816","0.2319","0.031549","*"
"27017600","2005-06-01","2016-09-01","70","0.2889","0.0835","0.01527","*"
"","","","","","","",""
"2004200","1990-05-01","1993-09-01"," 23","-0.0102","1e-04","0.963128"," "
"2004200","1997-05-01","2013-09-01","101","0.2581","0.0666","0.009156","**"
"2004200","2015-05-01","2017-10-01"," 18","0.1331","0.0177","0.598589"," "
"","","","","","","",""
"82004900","2001-05-01","2009-10-01","54","0.3123","0.0975","0.021514","*"
"","","","","","","",""
"33003600","1998-05-01","2003-09-01","35","0.5734","0.3288","0.000317","***"
"33003600","2005-05-01","2010-09-01","35","0.4804","0.2308","0.003488","**"
"","","","","","","",""
"38077900","1997-05-01","2000-09-01","23","0.42","0.1764","0.045995","*"
"38077900","2001-05-01","2004-09-01","23","0.2444","0.0597","0.261134"," "
"38077900","2005-05-01","2017-05-01","73","0.2737","0.0749","0.01911","*"
"","","","","","","",""
"16023900","1990-05-01","1992-09-01","17","-0.0316","0.001","0.904079"," "
"16023900","1996-05-01","2000-05-01","25","0.278","0.0773","0.178438"," "
"16023900","2003-05-01","2011-06-01","50","0.4855","0.2357","0.000351","***"
"16023900","2013-06-01","2016-05-01","18","0.4045","0.1636","0.095932","."
"","","","","","","",""
"3065700","2007-05-01","2011-08-01","28","-0.1026","0.0105","0.603487"," "
"","","","","","","",""
"60018900","1997-05-01","1999-10-01","18","-0.0834","0.007","0.742048"," "
"60018900","2002-07-01","2007-05-01","29","0.0123","2e-04","0.949659"," "
"60018900","2007-07-01","2010-08-01","20","0.2275","0.0518","0.334697"," "
"60018900","2014-05-01","2017-07-01","21","0.2819","0.0795","0.215624"," "
"","","","","","","",""
"3050300","2000-05-01","2006-07-01","39","0.4137","0.1711","0.008849","**"
"3050300","2006-09-01","2014-06-01","46","0.6","0.36","1e-05","***"
"","","","","","","",""
"60014200","1997-05-01","1999-10-01","18","0.179","0.0321","0.477201"," "
"60014200","2007-05-01","2010-08-01","22","0.3453","0.1192","0.115542"," "
"","","","","","","",""
"11021600","1996-05-01","2003-05-01","43","0.4122","0.1699","0.006017","**"
"11021600","2005-10-01","2009-08-01","23","-0.2586","0.0669","0.233514"," "
"","","","","","","",""
"18025200","1990-05-01","2001-09-01","71","0.1345","0.0181","0.263619"," "
"18025200","2002-05-01","2009-09-01","47","0.1226","0.015","0.411471"," "
"","","","","","","",""
"18011000","2003-05-01","2012-09-01","59","0.131","0.0172","0.32275"," "
"","","","","","","",""
"86006600","1993-08-01","2006-08-01","79","0.0819","0.0067","0.472966"," "
"86006600","2007-05-01","2013-09-01","41","0.4487","0.2013","0.003256","**"
"","","","","","","",""
"31061300","1994-05-01","1997-09-01","23","-0.0704","0.005","0.749717"," "
"31061300","1999-05-01","2003-09-01","29","0.0297","9e-04","0.878565"," "
"","","","","","","",""
"27013400","1995-05-01","1997-10-01","18","0.1247","0.0156","0.621921"," "
"27013400","2002-07-01","2009-10-01","46","0.1363","0.0186","0.366578"," "
"","","","","","","",""
"27011100","1990-05-01","2017-10-01","168","0.5112","0.2613","0","***"
"","","","","","","",""
"2009000","1991-08-01","1996-09-01","32","-0.0764","0.0058","0.677555"," "
"2009000","1997-05-01","2004-07-01","45","0.188","0.0354","0.216093"," "
"","","","","","","",""
"82033400","1999-10-01","2003-09-01","24","0.5228","0.2733","0.00877","**"
"82033400","2004-05-01","2009-06-01","32","0.3162","0.1","0.077889","."
"","","","","","","",""
"82004400","1995-05-01","2009-05-01","85","0.1431","0.0205","0.191524"," "
"","","","","","","",""
"69070000","1990-09-01","1993-08-01","18","0.3708","0.1375","0.129828"," "
"69070000","1997-07-01","2002-09-01","33","0.4185","0.1752","0.015346","*"
"69070000","2003-05-01","2017-05-01","85","0.2861","0.0819","0.007943","**"
"","","","","","","",""
"69042400","1998-08-01","2012-10-01","87","0.3708","0.1375","0.000408","***"
"","","","","","","",""
"16022700","1996-05-01","1999-06-01","20","0.161","0.0259","0.497689"," "
"","","","","","","",""
"56078600","1996-05-01","2016-10-01","126","0.2797","0.0782","0.001516","**"
"","","","","","","",""
"56047500","1990-05-01","1994-09-01","29","0.3823","0.1461","0.040705","*"
"56047500","2011-05-01","2014-09-01","23","0.6966","0.4853","0.000222","***"
"","","","","","","",""
"3032800","2003-05-01","2010-09-01","47","0.1676","0.0281","0.260168"," "
"","","","","","","",""
"56013800","2001-05-01","2014-09-01","83","0.2505","0.0627","0.022386","*"
"","","","","","","",""
"3015300","1999-05-01","2002-09-01","23","0.3484","0.1214","0.103247"," "
"","","","","","","",""
"60020200","1990-05-01","2013-09-01","143","-0.0252","6e-04","0.765436"," "
"60020200","2015-05-01","2017-10-01"," 18","-0.246","0.0605","0.325161"," "
"","","","","","","",""
"44000300","1992-05-01","1995-08-01","22","0.6373","0.4062","0.001422","**"
"44000300","2003-05-01","2008-05-01","31","0.0231","5e-04","0.901999"," "
"","","","","","","",""
"34006200","1991-05-01","1995-05-01","25","0.3935","0.1548","0.051674","."
"34006200","1997-06-01","2001-08-01","27","0.6657","0.4431","0.000151","***"
"34006200","2002-10-01","2006-05-01","20","0.2635","0.0694","0.261625"," "
"34006200","2007-05-01","2011-09-01","29","0.0771","0.0059","0.690983"," "
"","","","","","","",""
"47004900","1992-05-01","2016-09-01","149","0.2819","0.0795","0.000496","***"
"","","","","","","",""
"47000200","2002-05-01","2006-08-01","28","0.3544","0.1256","0.064289","."
"","","","","","","",""
"18037200","1990-05-01","2001-09-01","71","0.258","0.0666","0.029817","*"
"18037200","2002-05-01","2012-09-01","65","0.2222","0.0494","0.075267","."
"","","","","","","",""
"11012000","1993-05-01","2000-08-01","46","0.1955","0.0382","0.192839"," "
"","","","","","","",""
"15001600","1991-09-01","1997-09-01","37","0.3412","0.1164","0.038765","*"
"15001600","1999-05-01","2006-05-01","43","-0.0416","0.0017","0.791356"," "
"","","","","","","",""
"2001600","1990-07-01","2008-07-01","109","0.2521","0.0636","0.008178","**"
"2001600","2008-09-01","2012-05-01"," 21","0.3828","0.1466","0.086738","."
"","","","","","","",""
"1017800","1994-06-01","1998-09-01","28","0.0642","0.0041","0.745627"," "
"","","","","","","",""
"58008100","1996-05-01","2000-10-01","30","0.2328","0.0542","0.215777"," "
"58008100","2006-10-01","2010-08-01","23","-0.1702","0.029","0.437509"," "
"","","","","","","",""
"34019300","1999-10-01","2010-10-01","67","0.3391","0.115","0.004997","**"
"","","","","","","",""
"34014200","1998-10-01","2006-09-01","48","0.4103","0.1683","0.003778","**"
"34014200","2007-05-01","2016-09-01","59","0.3237","0.1048","0.012399","*"
"","","","","","","",""
"47011800","2003-07-01","2007-08-01","26","0.1765","0.0311","0.388528"," "
"47011800","2007-10-01","2012-09-01","30","0.3528","0.1245","0.055811","."
"47011800","2013-05-01","2015-10-01","18","0.5255","0.2762","0.02511","*"
"","","","","","","",""
"73010200","1998-05-01","2001-10-01","24","0.6928","0.4799","0.000175","***"
"","","","","","","",""
"10008800","2004-05-01","2010-08-01","40","0.1671","0.0279","0.302697"," "
"","","","","","","",""
"10008900","1998-06-01","2007-07-01","56","0.4843","0.2345","0.000156","***"
"","","","","","","",""
"10007000","2004-05-01","2009-05-01","31","-0.0548","0.003","0.769798"," "
"","","","","","","",""
"10005200","1998-06-01","2003-08-01","33","0.6825","0.4659","1.2e-05","***"
"10005200","2004-05-01","2014-05-01","61","0.4498","0.2023","0.000276","***"
"","","","","","","",""
"31075800","1994-05-01","2000-09-01","41","0.4109","0.1688","0.007618","**"
"31075800","2001-05-01","2005-05-01","25","0.2526","0.0638","0.223196"," "
"","","","","","","",""
"1010500","1999-06-01","2002-09-01","22","0.3556","0.1265","0.1043"," "
"1010500","2003-05-01","2012-08-01","58","0.346","0.1198","0.007795","**"
"","","","","","","",""
"27012100","1990-05-01","2017-10-01","168","0.2065","0.0427","0.007232","**"
"","","","","","","",""
"31021400","1997-05-01","2001-09-01","29","0.309","0.0955","0.102926"," "
"31021400","2003-05-01","2006-09-01","23","0.3804","0.1447","0.073377","."
"31021400","2007-05-01","2010-08-01","22","0.2699","0.0728","0.224524"," "
"","","","","","","",""
"30003500","2007-05-01","2014-05-01","43","0.1973","0.0389","0.204715"," "
"","","","","","","",""
"2002600","1990-05-01","1995-09-01","35","0.2763","0.0764","0.108089"," "
"2002600","2011-05-01","2014-08-01","22","0.7015","0.4921","0.000275","***"
"","","","","","","",""
"2003400","1990-05-01","1994-06-01","26","0.515","0.2652","0.007096","**"
"2003400","1994-08-01","2003-09-01","56","0.5326","0.2837","2.4e-05","***"
"2003400","2004-05-01","2011-05-01","43","0.3316","0.1099","0.029845","*"
"2003400","2011-08-01","2015-07-01","24","0.7769","0.6036","8e-06","***"
"","","","","","","",""
"31000300","1997-05-01","2006-05-01","55","0.4008","0.1607","0.002424","**"
"31000300","2013-06-01","2017-05-01","24","0.5133","0.2635","0.010301","*"
"","","","","","","",""
"82013700","1999-05-01","2002-10-01","24","0.5552","0.3082","0.004861","**"
"82013700","2005-05-01","2013-10-01","54","0.3974","0.1579","0.002927","**"
"","","","","","","",""
"82014600","1998-09-01","2001-08-01","18","0.407","0.1656","0.093701","."
"82014600","2005-05-01","2017-06-01","74","0.3434","0.1179","0.002738","**"
"","","","","","","",""
"82007600","1997-05-01","2002-07-01","33","0.3086","0.0952","0.080614","."
"82007600","2003-05-01","2006-09-01","23","-0.1788","0.032","0.414421"," "
"82007600","2009-05-01","2011-10-01","18","-0.0071","1e-04","0.97756"," "
"","","","","","","",""
"82008000","1997-06-01","2007-09-01","64","0.1915","0.0367","0.129542"," "
"","","","","","","",""
"82007700","1998-05-01","2009-08-01","70","0.1923","0.037","0.110675"," "
"82007700","2009-10-01","2014-06-01","27","0.0514","0.0026","0.799026"," "
"","","","","","","",""
"82006500","1998-05-01","2001-10-01","24","0.3855","0.1486","0.062833","."
"82006500","2002-06-01","2010-09-01","52","0.1404","0.0197","0.320857"," "
"","","","","","","",""
"69050100","1990-05-01","2010-10-01","126","0.097","0.0094","0.279826"," "
"69050100","2013-06-01","2017-10-01"," 29","0.0223","5e-04","0.908702"," "
"","","","","","","",""
"69023200","1999-05-01","2012-05-01","79","0.2684","0.0721","0.01676","*"
"69023200","2014-05-01","2017-05-01","19","0.3343","0.1118","0.161792"," "
"","","","","","","",""
"3038300","1998-05-01","2001-09-01","23","0.6549","0.4289","0.000695","***"
"3038300","2002-05-01","2005-09-01","23","0.3073","0.0944","0.153824"," "
"","","","","","","",""
"3038100","1995-05-01","2015-07-01","123","0.361","0.1303","4.1e-05","***"
"","","","","","","",""
"56038602","2010-05-01","2016-10-01","42","0.5701","0.325","8.1e-05","***"
"","","","","","","",""
"56038300","2003-05-01","2006-05-01","19","0.3814","0.1455","0.107135"," "
"","","","","","","",""
"15006800","1994-07-01","2008-08-01","86","0.2684","0.072","0.012473","*"
"15006800","2008-10-01","2017-05-01","50","0.4854","0.2356","0.000353","***"
"","","","","","","",""
"34018100","1997-10-01","2006-08-01","53","0.4592","0.2109","0.000543","***"
"34018100","2007-05-01","2010-07-01","21","0.2189","0.0479","0.340347"," "
"","","","","","","",""
"73019600","1990-05-01","2002-09-01","77","0.5763","0.3321","0","***"
"73019600","2014-05-01","2017-10-01","24","0.465","0.2162","0.022048","*"
"","","","","","","",""
"86009000","1990-06-01","1999-05-01","54","0.0411","0.0017","0.76816"," "
"86009000","2014-05-01","2016-10-01","18","0.447","0.1998","0.062925","."
"","","","","","","",""
"29024200","1991-05-01","2000-09-01","59","0.1893","0.0358","0.151062"," "
"","","","","","","",""
"29024300","2001-05-01","2006-07-01","33","0.4053","0.1643","0.019276","*"
"29024300","2007-05-01","2016-07-01","57","0.5837","0.3408","2e-06","***"
"","","","","","","",""
"18037400","1990-05-01","2001-09-01","71","0.2954","0.0872","0.012399","*"
"18037400","2002-05-01","2009-07-01","45","0.2437","0.0594","0.10665"," "
"","","","","","","",""
"49002400","2010-05-01","2014-08-01","28","0.488","0.2382","0.008421","**"
"","","","","","","",""
"4019600","2007-09-01","2012-05-01","27","0.2937","0.0862","0.137077"," "
"","","","","","","",""
"81009500","1990-06-01","1993-09-01","22","0.7562","0.5719","4.7e-05","***"
"81009500","2005-06-01","2008-09-01","22","0.0264","7e-04","0.907233"," "
"81009500","2013-05-01","2016-10-01","24","0.6748","0.4554","0.000298","***"
"","","","","","","",""
"30007200","2004-05-01","2012-05-01","49","0.4622","0.2136","0.000828","***"
"","","","","","","",""
"13008300","1991-05-01","1997-09-01","41","0.4802","0.2306","0.001485","**"
"13008300","2001-05-01","2010-05-01","55","0.3081","0.0949","0.022112","*"
"","","","","","","",""
"1002300","2004-05-01","2007-08-01","22","0.2945","0.0867","0.183411"," "
"1002300","2009-05-01","2016-07-01","45","0.4181","0.1748","0.004266","**"
"","","","","","","",""
"58014200","1993-05-01","2000-10-01","48","0.396","0.1568","0.005335","**"
"58014200","2001-06-01","2013-07-01","74","0.5609","0.3146","0","***"
"","","","","","","",""
"31055400","1994-05-01","1997-09-01","23","0.2765","0.0764","0.20159"," "
"31055400","1998-05-01","2006-09-01","53","0.5258","0.2764","5.3e-05","***"
"","","","","","","",""
"69056500","1990-07-01","1999-10-01","58","0.3909","0.1528","0.002414","**"
"69056500","2004-05-01","2007-06-01","20","0.324","0.105","0.163455"," "
"","","","","","","",""
"3036000","1993-10-01","1999-08-01","35","0.1191","0.0142","0.495632"," "
"3036000","2007-05-01","2010-05-01","19","-0.0725","0.0053","0.767961"," "
"","","","","","","",""
"60002700","2007-07-01","2010-08-01","20","0.3792","0.1438","0.099209","."
"60002700","2014-05-01","2017-09-01","23","0.303","0.0918","0.159968"," "
"","","","","","","",""
"15007900","2002-05-01","2005-05-01","19","0.3436","0.118","0.149833"," "
"15007900","2011-05-01","2015-09-01","29","0.2437","0.0594","0.202612"," "
"","","","","","","",""
"65000200","1998-05-01","2008-10-01","66","0.367","0.1347","0.002435","**"
"","","","","","","",""
"73019000","2003-10-01","2006-09-01","18","0.329","0.1083","0.182472"," "
"73019000","2012-10-01","2016-08-01","23","0.4372","0.1911","0.036983","*"
"","","","","","","",""
"18034800","1990-05-01","2001-09-01","71","0.0938","0.0088","0.436362"," "
"18034800","2002-05-01","2009-09-01","47","0.1849","0.0342","0.213407"," "
"","","","","","","",""
"18030400","1990-05-01","2001-06-01","68","0.1153","0.0133","0.349137"," "
"18030400","2002-05-01","2007-07-01","33","0.234","0.0547","0.190004"," "
"","","","","","","",""
"73000400","1996-05-01","2003-10-01","48","0.5895","0.3475","1e-05","***"
"","","","","","","",""
"10005800","1998-06-01","2002-08-01","27","0.5264","0.2771","0.004793","**"
"","","","","","","",""
"27018400","2000-05-01","2004-10-01","30","0.4394","0.1931","0.015127","*"
"27018400","2006-05-01","2016-10-01","66","0.32","0.1024","0.00882","**"
"","","","","","","",""
"10004800","1998-06-01","2004-10-01","41","0.5984","0.3581","3.6e-05","***"
"10004800","2006-05-01","2015-09-01","59","0.3545","0.1257","0.00587","**"
"","","","","","","",""
"27009500","1995-05-01","2001-10-01","42","0.5269","0.2776","0.000338","***"
"","","","","","","",""
"27010700","2011-05-01","2013-10-01","18","0.6222","0.3871","0.005829","**"
"","","","","","","",""
"31045400","2001-08-01","2011-09-01","62","0.3203","0.1026","0.011141","*"
"","","","","","","",""
"27008800","1992-05-01","1995-06-01","20","0.4197","0.1762","0.065415","."
"27008800","1995-08-01","2001-10-01","39","0.5755","0.3312","0.000127","***"
"","","","","","","",""
"31020600","1998-05-01","2012-10-01","90","0.4597","0.2113","5e-06","***"
"","","","","","","",""
"2008000","1993-05-01","2000-10-01","48","0.4445","0.1976","0.00155","**"
"2008000","2008-05-01","2013-07-01","33","0.7058","0.4981","4e-06","***"
"","","","","","","",""
"82004200","2002-09-01","2005-10-01","20","-0.0011","0","0.9963"," "
"82004200","2006-06-01","2017-09-01","70","0.0698","0.0049","0.566104"," "
"","","","","","","",""
"82002100","1996-05-01","2003-10-01","48","0.6404","0.4101","1e-06","***"
"","","","","","","",""
"82002500","1996-05-01","2009-08-01","82","0.1619","0.0262","0.146302"," "
"","","","","","","",""
"82003100","2004-05-01","2009-08-01","34","0.1986","0.0394","0.260277"," "
"","","","","","","",""
"69024100","1998-05-01","2004-09-01","41","0.2367","0.056","0.13616"," "
"69024100","2007-05-01","2011-07-01","27","0.4065","0.1653","0.035352","*"
"","","","","","","",""
"61007200","1991-05-01","2004-09-01","83","0.3815","0.1456","0.000372","***"
"","","","","","","",""
"56076000","1995-07-01","2010-05-01","89","0.0957","0.0092","0.372549"," "
"","","","","","","",""
"56032800","1992-05-01","2004-06-01","74","0.1193","0.0142","0.311472"," "
"56032800","2005-05-01","2010-07-01","33","0.0171","3e-04","0.924653"," "
"","","","","","","",""
"56024200","1990-05-01","1994-09-01","29","0.3771","0.1422","0.043712","*"
"56024200","1995-05-01","2006-09-01","71","0.1472","0.0217","0.220439"," "
"56024200","2007-05-01","2012-09-01","35","0.1857","0.0345","0.285481"," "
"56024200","2013-08-01","2017-10-01","27","0.1561","0.0244","0.436793"," "
"","","","","","","",""
"56011600","1997-05-01","2002-09-01","35","0.0817","0.0067","0.640764"," "
"56011600","2003-05-01","2007-09-01","29","0.2892","0.0837","0.128052"," "
"","","","","","","",""
"21005600","1994-05-01","1997-09-01","23","0.0239","6e-04","0.913653"," "
"21005600","1998-05-01","2001-09-01","23","0.2539","0.0644","0.242465"," "
"21005600","2002-05-01","2005-09-01","23","0.283","0.0801","0.190633"," "
"","","","","","","",""
"46002400","1998-06-01","2001-08-01","21","0.5392","0.2907","0.011655","*"
"46002400","2001-10-01","2008-09-01","42","0.284","0.0806","0.068359","."
"","","","","","","",""
"29031300","1998-05-01","2011-09-01","83","0.0839","0.007","0.450722"," "
"","","","","","","",""
"29015000","2001-05-01","2004-09-01","23","0.1171","0.0137","0.594749"," "
"","","","","","","",""
"11041200","2001-05-01","2003-10-01","18","0.5132","0.2634","0.029378","*"
"11041200","2007-09-01","2016-10-01","56","0.3503","0.1227","0.008122","**"
"","","","","","","",""
"11041300","1990-08-01","1999-07-01","54","0.5249","0.2756","4.6e-05","***"
"11041300","1999-09-01","2003-10-01","26","0.3425","0.1173","0.086754","."
"11041300","2004-06-01","2009-09-01","34","0.1021","0.0104","0.565413"," "
"11041300","2010-05-01","2013-08-01","22","0.2421","0.0586","0.277733"," "
"","","","","","","",""
"18030500","1990-05-01","2001-09-01","71","0.1515","0.0229","0.207321"," "
"18030500","2002-05-01","2005-09-01","23","0.0972","0.0094","0.659163"," "
"18030500","2008-05-01","2013-09-01","35","-0.0334","0.0011","0.848737"," "
"18030500","2014-05-01","2017-10-01","24","0.2007","0.0403","0.346956"," "
"","","","","","","",""
"29007100","1991-05-01","1995-09-01","29","0.2192","0.0481","0.253218"," "
"29007100","1996-10-01","2000-09-01","24","0.3264","0.1066","0.119526"," "
"","","","","","","",""
"1015900","1990-05-01","1993-09-01","23","0.5836","0.3406","0.003462","**"
"1015900","1998-05-01","2003-05-01","31","0.6655","0.4429","4.4e-05","***"
"1015900","2003-07-01","2017-10-01","88","0.1985","0.0394","0.063743","."
"","","","","","","",""
"48001200","1993-05-01","1997-10-01","30","0.2289","0.0524","0.22368"," "
"48001200","2013-05-01","2016-10-01","24","0.1607","0.0258","0.453185"," "
"","","","","","","",""
"58006700","1994-05-01","1997-09-01","23","-0.2906","0.0845","0.178505"," "
"58006700","2003-05-01","2008-09-01","35","0.0105","1e-04","0.952236"," "
"58006700","2009-07-01","2012-10-01","22","-0.0927","0.0086","0.68143"," "
"","","","","","","",""
"31072200","1993-06-01","1996-09-01","22","0.1487","0.0221","0.509114"," "
"","","","","","","",""
"38004700","2005-05-01","2009-09-01","29","0.4114","0.1693","0.026597","*"
"","","","","","","",""
"3038600","1994-10-01","2002-08-01","47","0.2446","0.0598","0.097545","."
"3038600","2003-05-01","2006-10-01","24","0.3431","0.1177","0.100727"," "
"","","","","","","",""
"21007300","1997-08-01","2006-09-01","56","0.0765","0.0059","0.574987"," "
"","","","","","","",""
"61003700","1996-05-01","2000-06-01","26","0.6833","0.4669","0.000119","***"
"","","","","","","",""
"80003700","1999-05-01","2007-05-01","49","-0.1827","0.0334","0.20895"," "
"80003700","2008-05-01","2016-10-01","54","0.2594","0.0673","0.05825","."
"","","","","","","",""
"29018400","1995-05-01","2010-07-01","93","0.2597","0.0674","0.011958","*"
"","","","","","","",""
"73012800","2001-07-01","2011-07-01","61","0.3292","0.1084","0.00957","**"
"73012800","2013-05-01","2016-05-01","19","0.4428","0.1961","0.057596","."
"","","","","","","",""
"47002300","1992-05-01","1996-10-01","30","0.4893","0.2394","0.006071","**"
"47002300","2009-07-01","2012-08-01","20","0.2542","0.0646","0.279533"," "
"47002300","2012-10-01","2016-10-01","25","0.5955","0.3546","0.001687","**"
"","","","","","","",""
"18040900","1990-09-01","1993-09-01","19","0.6083","0.37","0.005721","**"
"18040900","1994-05-01","1997-09-01","23","-0.1156","0.0134","0.599317"," "
"18040900","1998-05-01","2001-09-01","23","0.5043","0.2543","0.014143","*"
"","","","","","","",""
"18025600","1990-05-01","1995-08-01","34","0.3832","0.1469","0.025269","*"
"18025600","1996-05-01","2001-09-01","35","0.2351","0.0553","0.174043"," "
"18025600","2002-05-01","2009-09-01","47","0.1518","0.023","0.308555"," "
"18025600","2011-05-01","2017-10-01","42","0.0962","0.0093","0.544564"," "
"","","","","","","",""
"86014600","2004-05-01","2009-10-01","36","0.0325","0.0011","0.850643"," "
"","","","","","","",""
"18018400","1998-05-01","2006-10-01","54","0.3292","0.1084","0.01508","*"
"18018400","2007-06-01","2017-08-01","63","0.4376","0.1915","0.000336","***"
"","","","","","","",""
"10004100","2001-05-01","2004-10-01","24","0.1491","0.0222","0.48671"," "
"","","","","","","",""
"40003300","1994-05-01","2004-08-01","64","0.6468","0.4184","0","***"
"40003300","2005-05-01","2011-09-01","41","0.2722","0.0741","0.085122","."
"","","","","","","",""
"27011700","1990-05-01","2017-10-01","168","0.3373","0.1138","8e-06","***"
"","","","","","","",""
"31039900","2002-05-01","2008-07-01","39","0.0871","0.0076","0.5981"," "
"31039900","2008-10-01","2012-08-01","23","0.2378","0.0565","0.274599"," "
"31039900","2014-05-01","2017-05-01","19","0.1933","0.0374","0.427932"," "
"","","","","","","",""
"1005700","2004-10-01","2017-08-01","77","0.3634","0.1321","0.001159","**"
"","","","","","","",""
"1004500","1993-05-01","2005-09-01","77","0.2037","0.0415","0.075602","."
"","","","","","","",""
"2007200","1992-06-01","1996-08-01","27","0.4626","0.214","0.015116","*"
"2007200","1997-05-01","2000-05-01","19","0.3993","0.1594","0.090351","."
"2007200","2007-08-01","2014-09-01","44","0.0444","0.002","0.774934"," "
"","","","","","","",""
"1003400","1993-05-01","1997-05-01","25","0.2622","0.0687","0.205472"," "
"1003400","1999-07-01","2003-05-01","23","0.3036","0.0922","0.159008"," "
"1003400","2008-07-01","2011-10-01","22","0.264","0.0697","0.235226"," "
"","","","","","","",""
"2005200","1990-05-01","2017-10-01","168","0.1139","0.013","0.141584"," "
"","","","","","","",""
"82016600","2002-05-01","2012-09-01","65","0.5819","0.3386","0","***"
"","","","","","","",""
"82014000","2006-05-01","2010-09-01","29","-0.2291","0.0525","0.231965"," "
"","","","","","","",""
"82013800","1998-05-01","2001-08-01","22","0.437","0.191","0.041971","*"
"82013800","2005-05-01","2009-08-01","28","0.0425","0.0018","0.830006"," "
"","","","","","","",""
"82015500","1998-05-01","2003-09-01","35","0.523","0.2735","0.001268","**"
"82015500","2005-05-01","2015-07-01","63","0.0118","1e-04","0.927048"," "
"","","","","","","",""
"82015100","1996-05-01","2001-05-01","31","0.0981","0.0096","0.599565"," "
"","","","","","","",""
"82002300","1996-05-01","2013-10-01","108","0.4035","0.1628","1.5e-05","***"
"","","","","","","",""
"82006800","1998-05-01","2001-06-01","20","0.3809","0.1451","0.097514","."
"82006800","2001-08-01","2012-08-01","67","0.0433","0.0019","0.728002"," "
"","","","","","","",""
"82004800","1997-05-01","2004-09-01","47","0.4284","0.1835","0.002662","**"
"","","","","","","",""
"69065100","1991-05-01","1996-09-01","35","0.069","0.0048","0.693503"," "
"69065100","2003-08-01","2008-05-01","28","0.069","0.0048","0.727279"," "
"","","","","","","",""
"26000200","2007-05-01","2010-09-01","23","-0.23","0.0529","0.291132"," "
"","","","","","","",""
"3023400","2006-05-01","2009-09-01","23","0.2052","0.0421","0.34768"," "
"3023400","2011-06-01","2015-05-01","24","0.4234","0.1793","0.039236","*"
"","","","","","","",""
"21014500","1997-05-01","2000-09-01","23","0.1683","0.0283","0.442783"," "
"21014500","2001-05-01","2009-10-01","54","0.0104","1e-04","0.940554"," "
"","","","","","","",""
"56014100","1990-05-01","2005-08-01","94","0.2928","0.0857","0.004183","**"
"56014100","2006-05-01","2017-10-01","72","0.3655","0.1336","0.001596","**"
"","","","","","","",""
"21010300","2011-05-01","2017-09-01","41","0.511","0.2611","0.00064","***"
"","","","","","","",""
"34015400","2001-09-01","2004-09-01","19","0.5785","0.3346","0.009469","**"
"","","","","","","",""
"34015800","1990-05-01","2006-05-01","97","0.2711","0.0735","0.007243","**"
"34015800","2007-05-01","2010-10-01","24","0.1868","0.0349","0.382136"," "
"","","","","","","",""
"47017700","2003-06-01","2008-10-01","35","0.0892","0.008","0.610374"," "
"47017700","2010-05-01","2013-09-01","23","0.3949","0.156","0.062173","."
"","","","","","","",""
"10010800","2002-05-01","2013-09-01","71","0.4513","0.2037","7.8e-05","***"
"","","","","","","",""
"29007700","2001-05-01","2006-09-01","35","0.1675","0.0281","0.336028"," "
"","","","","","","",""
"77006300","1993-05-01","2002-10-01","60","0.3401","0.1157","0.007839","**"
"77006300","2004-05-01","2014-09-01","65","0.344","0.1183","0.005019","**"
"","","","","","","",""
"49007900","2010-10-01","2016-06-01","33","0.3389","0.1149","0.05368","."
"","","","","","","",""
"11037100","2006-05-01","2016-10-01","66","-0.0373","0.0014","0.766349"," "
"","","","","","","",""
"10000900","1998-06-01","2004-10-01","41","0.632","0.3994","9e-06","***"
"","","","","","","",""
"70005400","1999-05-01","2003-09-01","29","0.6778","0.4593","5.4e-05","***"
"70005400","2004-05-01","2007-06-01","20","0.1381","0.0191","0.561616"," "
"70005400","2008-05-01","2014-08-01","40","0.6404","0.4101","9e-06","***"
"","","","","","","",""
"30002200","1990-05-01","1998-05-01"," 49","0.1671","0.0279","0.25105"," "
"30002200","1999-05-01","2017-10-01","114","0.398","0.1584","1.2e-05","***"
"","","","","","","",""
"82015900","1995-05-01","1998-09-01","23","0.4151","0.1723","0.048895","*"
"","","","","","","",""
"1012500","1993-05-01","1997-09-01","29","-0.1609","0.0259","0.404369"," "
"1012500","2005-05-01","2009-09-01","29","-0.0846","0.0072","0.662755"," "
"","","","","","","",""
"31071900","1994-08-01","1998-09-01","26","0.1117","0.0125","0.586999"," "
"31071900","1999-05-01","2004-09-01","35","0.5991","0.359","0.000143","***"
"","","","","","","",""
"31057600","1991-10-01","1995-09-01","24","0.2222","0.0494","0.296672"," "
"31057600","2001-05-01","2007-05-01","37","0.2489","0.0619","0.137421"," "
"","","","","","","",""
"60000600","2007-07-01","2010-08-01","20","-0.0862","0.0074","0.717992"," "
"","","","","","","",""
"47013400","1993-05-01","2000-09-01","47","0.452","0.2043","0.001424","**"
"47013400","2006-05-01","2008-10-01","18","-0.1493","0.0223","0.554253"," "
"","","","","","","",""
"73007200","2002-05-01","2006-09-01","29","0.6387","0.408","0.000192","***"
"","","","","","","",""
"11019900","1994-05-01","2000-08-01","40","0.1045","0.0109","0.520909"," "
"11019900","2001-10-01","2013-07-01","70","0.1375","0.0189","0.25637"," "
"","","","","","","",""
"86023400","1999-05-01","2007-09-01","53","0.3131","0.0981","0.022426","*"
"","","","","","","",""
"10010300","1993-06-01","2003-07-01","62","0.3072","0.0944","0.015137","*"
"10010300","2004-05-01","2014-06-01","62","0.5528","0.3056","3e-06","***"
"","","","","","","",""
"27014400","1998-06-01","2004-10-01","41","0.4521","0.2044","0.003001","**"
"","","","","","","",""
"10000200","1992-05-01","2003-09-01","71","0.5873","0.3449","0","***"
"10000200","2005-05-01","2009-08-01","28","-0.0395","0.0016","0.841701"," "
"10000200","2011-05-01","2013-10-01","18","0.7044","0.4961","0.001101","**"
"","","","","","","",""
"1009300","1999-06-01","2005-08-01","39","0.2243","0.0503","0.169802"," "
"","","","","","","",""
"70006900","2004-09-01","2009-09-01","31","0.1277","0.0163","0.493688"," "
"","","","","","","",""
"27003100","1990-05-01","1997-10-01","48","0.4743","0.2249","0.000661","***"
"27003100","1999-05-01","2005-10-01","42","0.4826","0.2329","0.001208","**"
"27003100","2010-10-01","2017-10-01","43","0.3117","0.0971","0.041905","*"
"","","","","","","",""
"82012300","1997-05-01","2000-09-01","23","0.1493","0.0223","0.496552"," "
"82012300","2001-05-01","2005-08-01","28","0.1279","0.0164","0.516499"," "
"","","","","","","",""
"13003500","2000-10-01","2005-08-01","29","0.4516","0.2039","0.013935","*"
"","","","","","","",""
"82001500","1996-05-01","2009-06-01","80","0.1788","0.032","0.112625"," "
"","","","","","","",""
"51004600","1997-05-01","2001-07-01","27","0.2233","0.0499","0.262788"," "
"51004600","2008-07-01","2011-06-01","18","0.5746","0.3302","0.012619","*"
"","","","","","","",""
"56065800","1990-05-01","1992-09-01","17","0.4867","0.2369","0.047544","*"
"56065800","1997-07-01","2001-09-01","27","0.4877","0.2379","0.009863","**"
"56065800","2002-05-01","2005-08-01","22","0.432","0.1866","0.044661","*"
"","","","","","","",""
"56019100","1995-10-01","2004-05-01","50","0.3397","0.1154","0.015787","*"
"","","","","","","",""
"21010600","2000-05-01","2003-09-01","23","0.3859","0.1489","0.068949","."
"21010600","2004-05-01","2010-09-01","41","0.2565","0.0658","0.105544"," "
"","","","","","","",""
"83004000","1990-05-01","1995-09-01","35","0.2325","0.0541","0.178846"," "
"83004000","2009-05-01","2012-09-01","23","0.4931","0.2431","0.016811","*"
"83004000","2014-05-01","2017-10-01","24","0.5706","0.3255","0.003598","**"
"","","","","","","",""
"83004300","2006-09-01","2012-10-01","38","0.4288","0.1838","0.007234","**"
"","","","","","","",""
"34008600","2001-05-01","2004-09-01","23","0.0172","3e-04","0.937956"," "
"","","","","","","",""
"86023000","2008-07-01","2012-08-01","26","0.284","0.0807","0.159659"," "
"","","","","","","",""
"3001700","2008-05-01","2016-05-01","49","0.5818","0.3385","1.2e-05","***"
"","","","","","","",""
"4015900","1997-05-01","2002-05-01","31","0.2504","0.0627","0.174269"," "
"","","","","","","",""
"4004900","1998-07-01","2001-10-01","22","0.0963","0.0093","0.669895"," "
"4004900","2007-05-01","2010-08-01","22","0.0889","0.0079","0.694096"," "
"","","","","","","",""
"10009300","1995-06-01","2013-06-01","109","0.2264","0.0512","0.017945","*"
"","","","","","","",""
"1013600","1994-05-01","2001-09-01","47","0.019","4e-04","0.899017"," "
"1013600","2009-10-01","2014-08-01","29","0.2697","0.0727","0.157137"," "
"","","","","","","",""
"1010200","1999-05-01","2002-09-01","23","0.5174","0.2677","0.011455","*"
"1010200","2003-05-01","2006-09-01","23","0.2171","0.0471","0.319775"," "
"","","","","","","",""
"9005700","1996-05-01","2000-10-01","30","0.3109","0.0966","0.0945","."
"9005700","2003-05-01","2006-09-01","23","0.3171","0.1006","0.140401"," "
"","","","","","","",""
"31053800","1990-05-01","2000-05-01","61","0.1171","0.0137","0.368834"," "
"31053800","2000-08-01","2009-05-01","52","0.0593","0.0035","0.676422"," "
"","","","","","","",""
"56087700","2000-06-01","2003-05-01","18","0.3247","0.1054","0.188618"," "
"56087700","2005-05-01","2008-09-01","23","0.035","0.0012","0.874017"," "
"","","","","","","",""
"77014900","1996-08-01","2006-10-01","63","0.1903","0.0362","0.135255"," "
"","","","","","","",""
"47011900","1993-05-01","1998-10-01","36","0.5798","0.3362","0.00021","***"
"47011900","2001-05-01","2008-10-01","48","0.1443","0.0208","0.327671"," "
"47011900","2009-10-01","2016-07-01","40","0.1663","0.0276","0.305217"," "
"","","","","","","",""
"73008600","2001-05-01","2006-10-01","36","0.3929","0.1544","0.017764","*"
"73008600","2007-06-01","2013-09-01","40","0.5335","0.2846","0.000393","***"
"","","","","","","",""
"11030700","2004-05-01","2007-09-01","23","0.2635","0.0694","0.224513"," "
"","","","","","","",""
"18032300","1990-05-01","2001-09-01","71","0.1053","0.0111","0.382157"," "
"18032300","2002-05-01","2009-09-01","47","0.1795","0.0322","0.227401"," "
"18032300","2012-09-01","2017-09-01","31","0.4882","0.2383","0.005334","**"
"","","","","","","",""
"18034300","1996-05-01","2001-09-01","35","0.2844","0.0809","0.097713","."
"18034300","2002-05-01","2009-07-01","45","0.1509","0.0228","0.322346"," "
"","","","","","","",""
"52000100","2000-05-01","2005-10-01","36","0.0316","0.001","0.854656"," "
"52000100","2006-09-01","2009-10-01","20","-0.0266","7e-04","0.9114"," "
"","","","","","","",""
"86001100","1990-05-01","1998-09-01","53","-0.1515","0.023","0.278781"," "
"86001100","1999-09-01","2002-09-01","19","0.711","0.5056","0.000643","***"
"86001100","2008-05-01","2017-10-01","60","0.2546","0.0648","0.049586","*"
"","","","","","","",""
"10001500","2003-05-01","2007-09-01","29","0.1035","0.0107","0.593007"," "
"","","","","","","",""
"10022500","2000-05-01","2010-08-01","64","0.2345","0.055","0.062192","."
"","","","","","","",""
"31029900","1997-05-01","2002-06-01","32","0.1411","0.0199","0.44122"," "
"31029900","2002-08-01","2006-05-01","22","0.3506","0.1229","0.109666"," "
"31029900","2008-10-01","2014-05-01","32","0.362","0.1311","0.041732","*"
"","","","","","","",""
"19002400","2011-05-01","2017-08-01","40","0.5715","0.3266","0.000117","***"
"","","","","","","",""
"69089100","1998-05-01","2010-09-01","77","0.4283","0.1835","0.000102","***"
"69089100","2011-05-01","2017-05-01","37","0.4674","0.2184","0.003538","**"
"","","","","","","",""
"82009100","2002-05-01","2008-07-01","39","0.5614","0.3152","0.000201","***"
"82009100","2009-05-01","2012-09-01","23","0.7617","0.5802","2.4e-05","***"
"","","","","","","",""
"13005300","1993-10-01","1997-10-01","25","0.4751","0.2258","0.016383","*"
"13005300","2000-05-01","2011-09-01","71","0.3582","0.1283","0.002162","**"
"","","","","","","",""
"82012800","1998-05-01","2009-08-01","70","0.2107","0.0444","0.079934","."
"82012800","2009-10-01","2013-06-01","21","0.1379","0.019","0.551009"," "
"","","","","","","",""
"82045600","2000-06-01","2005-07-01","32","0.2844","0.0809","0.114647"," "
"","","","","","","",""
"9002900","1995-05-01","1998-09-01","23","-0.2198","0.0483","0.313676"," "
"9002900","1999-05-01","2012-10-01","84","0.4034","0.1627","0.000142","***"
"","","","","","","",""
"69021800","1995-05-01","1998-05-01","19","0.1106","0.0122","0.652021"," "
"69021800","2001-05-01","2004-05-01","19","0.3122","0.0974","0.193217"," "
"","","","","","","",""
"56053200","2006-05-01","2012-09-01","41","0.3629","0.1317","0.019698","*"
"","","","","","","",""
"86013400","1992-05-01","1996-09-01","29","0.3467","0.1202","0.065367","."
"86013400","1997-05-01","2000-09-01","23","0.5081","0.2581","0.013318","*"
"86013400","2004-05-01","2009-09-01","35","0.0022","0","0.989892"," "
"86013400","2010-05-01","2014-09-01","29","0.5529","0.3057","0.001866","**"
"","","","","","","",""
"11025000","1990-05-01","2017-10-01","168","0.2638","0.0696","0.00055","***"
"","","","","","","",""
"29015600","1990-05-01","1992-09-01","17","0.3858","0.1489","0.126115"," "
"29015600","1995-05-01","2004-09-01","59","0.3746","0.1404","0.003463","**"
"29015600","2005-05-01","2010-09-01","35","0.1449","0.021","0.40624"," "
"29015600","2011-05-01","2015-09-01","29","0.6034","0.3641","0.00053","***"
"","","","","","","",""
"69062700","1990-05-01","1992-09-01","17","0.3711","0.1377","0.14252"," "
"69062700","1993-05-01","1996-05-01","19","0.1743","0.0304","0.475409"," "
"69062700","1999-05-01","2002-09-01","23","0.4105","0.1685","0.051696","."
"69062700","2003-05-01","2011-08-01","52","0.1808","0.0327","0.199707"," "
"69062700","2012-05-01","2017-10-01","36","0.4374","0.1913","0.00764","**"
"","","","","","","",""
"61006700","1994-05-01","1998-07-01","27","0.1081","0.0117","0.591494"," "
"61006700","1999-05-01","2002-09-01","23","0.4853","0.2356","0.018895","*"
"61006700","2012-05-01","2014-10-01","18","0.5854","0.3427","0.010695","*"
"","","","","","","",""
"77015400","1990-05-01","2010-08-01","124","0.0454","0.0021","0.616776"," "
"77015400","2011-05-01","2017-10-01"," 42","0.1228","0.0151","0.438598"," "
"","","","","","","",""
"65000600","1996-05-01","2016-10-01","126","0.5115","0.2617","0","***"
"","","","","","","",""
"8001800","1991-05-01","1995-09-01","29","0.222","0.0493","0.246998"," "
"8001800","2006-05-01","2009-08-01","22","0.2706","0.0732","0.223152"," "
"","","","","","","",""
"47005000","2005-05-01","2013-09-01","53","0.3892","0.1515","0.003968","**"
"47005000","2014-05-01","2017-08-01","22","0.4907","0.2408","0.020408","*"
"","","","","","","",""
"11026300","1997-05-01","2014-09-01","107","0.369","0.1361","9.2e-05","***"
"","","","","","","",""
"86019300","2000-05-01","2011-09-01","71","0.3476","0.1209","0.002973","**"
"","","","","","","",""
"10004200","1990-05-01","1992-10-01","18","0.3013","0.0908","0.224429"," "
"10004200","2001-05-01","2004-10-01","24","0.5258","0.2764","0.008321","**"
"10004200","2006-05-01","2015-09-01","59","0.3381","0.1143","0.008817","**"
"","","","","","","",""
"31057100","1995-05-01","2017-05-01","133","0.4261","0.1815","0","***"
"","","","","","","",""
"10001100","1998-06-01","2003-07-01","32","0.4986","0.2486","0.003676","**"
"","","","","","","",""
"31042200","2001-05-01","2012-10-01","72","0.042","0.0018","0.725907"," "
"","","","","","","",""
"2007500","1990-05-01","2016-08-01","160","0.5164","0.2667","0","***"
"","","","","","","",""
"69093200","2007-05-01","2010-08-01","22","-0.2736","0.0749","0.21785"," "
"","","","","","","",""
"82009200","2002-05-01","2005-09-01","23","0.096","0.0092","0.662979"," "
"82009200","2006-05-01","2014-05-01","49","0.0943","0.0089","0.519224"," "
"","","","","","","",""
"82011000","1990-05-01","1996-09-01","41","-0.073","0.0053","0.650064"," "
"82011000","1998-08-01","2002-05-01","22","0.1463","0.0214","0.515837"," "
"82011000","2002-07-01","2006-05-01","23","-0.0426","0.0018","0.84705"," "
"","","","","","","",""
"13002800","1990-05-01","1994-08-01","28","-0.2266","0.0514","0.246203"," "
"13002800","1996-05-01","1999-10-01","24","0.1027","0.0106","0.632904"," "
"13002800","2000-10-01","2004-07-01","22","0.4691","0.22","0.027644","*"
"13002800","2008-07-01","2017-10-01","58","0.0696","0.0048","0.603644"," "
"","","","","","","",""
"82003500","1997-05-01","2012-05-01","91","0.1453","0.0211","0.16941"," "
"","","","","","","",""
"9000800","1990-05-01","2008-10-01","114","0.1216","0.0148","0.197546"," "
"9000800","2009-06-01","2012-10-01"," 23","-0.0788","0.0062","0.720784"," "
"9000800","2013-06-01","2017-10-01"," 29","0.3082","0.095","0.103837"," "
"","","","","","","",""
"51006300","2000-05-01","2004-09-01","29","0.2983","0.089","0.116035"," "
"51006300","2013-05-01","2016-09-01","23","0.5377","0.2892","0.008135","**"
"","","","","","","",""
"56037700","2001-05-01","2008-09-01","47","0.0635","0.004","0.671475"," "
"56037700","2013-07-01","2016-10-01","22","0.2311","0.0534","0.300689"," "
"","","","","","","",""
"29025000","1997-05-01","2001-09-01","29","0.1632","0.0266","0.397757"," "
"","","","","","","",""
"77018100","1994-05-01","1999-09-01","35","0.1897","0.036","0.275055"," "
"77018100","2001-05-01","2007-08-01","40","0.4289","0.1839","0.005757","**"
"","","","","","","",""
"77000700","2003-05-01","2010-09-01","47","0.0749","0.0056","0.616985"," "
"77000700","2011-05-01","2014-10-01","24","0.6185","0.3826","0.001274","**"
"","","","","","","",""
"18037500","1990-05-01","2001-09-01","71","0.2293","0.0526","0.054423","."
"18037500","2002-05-01","2009-09-01","47","0.2015","0.0406","0.174417"," "
"","","","","","","",""
"11007300","1994-05-01","2000-07-01","39","0.0191","4e-04","0.908344"," "
"11007300","2001-05-01","2005-05-01","25","0.5038","0.2538","0.010244","*"
"","","","","","","",""
"31082600","1999-05-01","2009-05-01","61","0.1206","0.0145","0.354741"," "
"","","","","","","",""
"27010400","1990-08-01","1993-09-01","20","0.6122","0.3748","0.004113","**"
"27010400","1999-05-01","2008-09-01","59","0.4442","0.1973","0.000425","***"
"27010400","2009-05-01","2013-09-01","29","0.6343","0.4023","0.00022","***"
"27010400","2014-05-01","2017-05-01","19","0.606","0.3673","0.005952","**"
"","","","","","","",""
"13006900","2001-06-01","2017-08-01","99","0.4022","0.1618","3.7e-05","***"
"","","","","","","",""
"13003200","1990-05-01","1992-09-01","17","-0.0515","0.0027","0.844351"," "
"13003200","1993-05-01","1997-10-01","30","0.1116","0.0125","0.556952"," "
"13003200","1998-06-01","2005-08-01","45","0.4171","0.1739","0.00437","**"
"13003200","2006-05-01","2017-10-01","72","0.0751","0.0056","0.530414"," "
"","","","","","","",""
"1007700","1993-05-01","2001-09-01","53","0.209","0.0437","0.133175"," "
"1007700","2002-05-01","2005-09-01","23","0.3981","0.1585","0.059905","."
"","","","","","","",""
"69084100","1990-09-01","1993-09-01","19","0.1324","0.0175","0.58902"," "
"69084100","2004-05-01","2008-08-01","28","-0.0282","8e-04","0.886712"," "
"69084100","2010-05-01","2012-10-01","18","0.7441","0.5537","0.000399","***"
"","","","","","","",""
"16022800","1999-08-01","2004-06-01","29","0.198","0.0392","0.303154"," "
"16022800","2005-05-01","2013-10-01","54","0.4286","0.1837","0.001222","**"
"","","","","","","",""
"34002200","1992-06-01","1999-07-01","44","0.5337","0.2849","0.000191","***"
"34002200","2002-08-01","2014-06-01","71","0.3735","0.1395","0.001333","**"
"","","","","","","",""
"86028900","1990-05-01","1994-10-01","30","0.0328","0.0011","0.863365"," "
"86028900","2001-10-01","2006-10-01","31","0.4513","0.2036","0.010833","*"
"86028900","2011-05-01","2015-09-01","29","0.3561","0.1268","0.057928","."
"","","","","","","",""
"18024300","2002-05-01","2017-08-01","94","0.1657","0.0275","0.110412"," "
"","","","","","","",""
"11005900","1993-05-01","1996-09-01","23","0.1809","0.0327","0.408822"," "
"11005900","2004-05-01","2010-09-01","41","0.1302","0.017","0.417107"," "
"11005900","2011-05-01","2014-09-01","23","0.6798","0.4621","0.00036","***"
"","","","","","","",""
"1009600","1994-05-01","2002-09-01","53","0.2244","0.0504","0.106162"," "
"1009600","2003-05-01","2011-10-01","54","0.2146","0.0461","0.119092"," "
"","","","","","","",""
"3061900","1997-05-01","2002-08-01","34","0.1564","0.0245","0.376932"," "
"3061900","2002-10-01","2006-09-01","24","0.1214","0.0147","0.571905"," "
"","","","","","","",""
"83003600","1990-05-01","1994-10-01","30","0.2951","0.0871","0.113446"," "
"83003600","2002-05-01","2005-06-01","20","0.5788","0.3351","0.007493","**"
"","","","","","","",""
"77003500","2011-05-01","2014-05-01","19","0.7479","0.5594","0.000232","***"
"","","","","","","",""
"73014700","2001-07-01","2004-07-01","19","0.6035","0.3642","0.006225","**"
"73014700","2007-10-01","2010-10-01","19","0.2738","0.075","0.256597"," "
"73014700","2012-05-01","2015-09-01","23","0.5874","0.345","0.003208","**"
"","","","","","","",""
"3030400","1996-05-01","1999-10-01","24","-0.0214","5e-04","0.921103"," "
"3030400","2001-05-01","2007-08-01","40","0.2054","0.0422","0.203546"," "
"3030400","2008-05-01","2012-09-01","29","0.235","0.0552","0.219782"," "
"","","","","","","",""
"10008400","2009-05-01","2016-08-01","46","0.3607","0.1301","0.013783","*"
"","","","","","","",""
"10004700","2001-05-01","2004-10-01","24","0.4978","0.2478","0.013314","*"
"10004700","2006-05-01","2016-10-01","66","0.2431","0.0591","0.049171","*"
"","","","","","","",""
"31058500","1998-07-01","2004-05-01","35","0.3526","0.1243","0.037784","*"
"31058500","2013-07-01","2016-06-01","18","0.3558","0.1266","0.147353"," "
"","","","","","","",""
"82000900","1995-07-01","1998-06-01","18","-0.2159","0.0466","0.389625"," "
"82000900","1998-08-01","2002-05-01","22","0.2638","0.0696","0.23553"," "
"82000900","2002-07-01","2009-09-01","45","0.2086","0.0435","0.169146"," "
"","","","","","","",""
"82002800","1997-05-01","2009-06-01","74","0.2357","0.0555","0.043232","*"
"","","","","","","",""
"82006400","1998-05-01","2012-09-01","89","0.2015","0.0406","0.058313","."
"","","","","","","",""
"27004200","1996-05-01","1999-09-01","23","0.6185","0.3826","0.001655","**"
"27004200","2002-06-01","2007-09-01","34","0.4754","0.226","0.004496","**"
"","","","","","","",""
"21029100","1993-05-01","2016-10-01","144","0.062","0.0038","0.460663"," "
"","","","","","","",""
"56014200","1993-05-01","2001-09-01","53","0.0958","0.0092","0.495138"," "
"","","","","","","",""
"34021800","2000-05-01","2014-06-01","86","0.3572","0.1276","0.000736","***"
"","","","","","","",""
"18016500","1990-05-01","1996-09-01","41","0.244","0.0595","0.124254"," "
"18016500","2001-05-01","2008-09-01","47","0.2726","0.0743","0.063801","."
"18016500","2015-05-01","2017-10-01","18","0.5515","0.3041","0.017671","*"
"","","","","","","",""
"29007500","2002-10-01","2008-07-01","34","0.4436","0.1968","0.008589","**"
"29007500","2008-09-01","2015-05-01","39","0.3638","0.1323","0.022823","*"
"","","","","","","",""
"40005700","1994-05-01","1999-05-01","31","0.1397","0.0195","0.453619"," "
"","","","","","","",""
"27016000","2002-05-01","2006-05-01","25","0.1479","0.0219","0.480599"," "
"27016000","2012-07-01","2016-10-01","28","0.7597","0.5771","3e-06","***"
"","","","","","","",""
"9003400","2002-06-01","2007-07-01","32","0.3809","0.1451","0.031479","*"
"9003400","2011-05-01","2014-07-01","21","0.5825","0.3393","0.00559","**"
"","","","","","","",""
"16062900","2007-05-01","2010-09-01","23","0.3324","0.1105","0.121237"," "
"16062900","2011-05-01","2016-07-01","33","0.3827","0.1465","0.027931","*"
"","","","","","","",""
"56038800","1992-05-01","1996-05-01","25","0.0946","0.009","0.652695"," "
"56038800","1998-06-01","2007-08-01","57","0.2714","0.0737","0.041108","*"
"","","","","","","",""
"56030200","1997-10-01","2001-09-01","24","0.0585","0.0034","0.786004"," "
"56030200","2003-05-01","2010-09-01","47","-0.0336","0.0011","0.822427"," "
"56030200","2011-05-01","2014-09-01","23","0.3688","0.136","0.083296","."
"","","","","","","",""
"34018600","2004-05-01","2007-07-01","21","0.2216","0.0491","0.334266"," "
"34018600","2014-05-01","2017-07-01","21","0.6033","0.364","0.003785","**"
"","","","","","","",""
"83002100","1994-05-01","1997-06-01","20","0.2595","0.0673","0.269305"," "
"83002100","2007-05-01","2011-07-01","27","0.2416","0.0584","0.224661"," "
"83002100","2012-05-01","2016-08-01","28","0.4422","0.1955","0.01847","*"
"","","","","","","",""
"10012100","1998-06-01","2003-09-01","34","0.5587","0.3122","0.000594","***"
"10012100","2004-05-01","2010-08-01","40","0.1054","0.0111","0.5175"," "
"","","","","","","",""
"10009500","1999-08-01","2004-09-01","32","0.1661","0.0276","0.363449"," "
"10009500","2005-10-01","2009-08-01","23","-0.1309","0.0171","0.551605"," "
"","","","","","","",""
"10006900","1998-06-01","2003-08-01","33","0.7322","0.5362","1e-06","***"
"10006900","2004-05-01","2008-10-01","30","0.3177","0.1009","0.087153","."
"","","","","","","",""
"10022600","2000-05-01","2013-09-01","83","0.5037","0.2537","1e-06","***"
"","","","","","","",""
"2013300","2001-05-01","2008-07-01","45","-0.0426","0.0018","0.78089"," "
"2013300","2012-05-01","2014-10-01","18","0.1754","0.0308","0.486434"," "
"","","","","","","",""
"66003800","1998-05-01","2001-08-01","22","0.6613","0.4373","0.000805","***"
"","","","","","","",""
"82010400","1990-05-01","1998-06-01","50","-0.0672","0.0045","0.643085"," "
"82010400","2002-07-01","2009-10-01","46","0.1332","0.0177","0.377472"," "
"","","","","","","",""
"82012100","1998-05-01","2003-09-01","35","0.562","0.3159","0.000442","***"
"","","","","","","",""
"82008400","2002-06-01","2012-08-01","63","0.0692","0.0048","0.58978"," "
"","","","","","","",""
"82001700","1996-05-01","2008-09-01","77","0.2471","0.0611","0.030279","*"
"82001700","2009-05-01","2012-05-01","19","0.0806","0.0065","0.742886"," "
"","","","","","","",""
"34011900","1997-06-01","2000-09-01","22","0.6462","0.4175","0.001158","**"
"34011900","2001-10-01","2006-08-01","29","0.2366","0.056","0.216534"," "
"","","","","","","",""
"69052100","2000-05-01","2006-09-01","41","0.2331","0.0543","0.142482"," "
"","","","","","","",""
"69054600","1998-05-01","2000-10-01","18","0.1897","0.036","0.450822"," "
"69054600","2002-06-01","2008-05-01","36","0.4697","0.2206","0.003851","**"
"","","","","","","",""
"56074700","1995-07-01","2000-08-01","32","0.1334","0.0178","0.466852"," "
"56074700","2001-10-01","2005-09-01","24","0.3421","0.117","0.101827"," "
"","","","","","","",""
"56038700","2002-05-01","2008-09-01","41","0.1927","0.0371","0.227481"," "
"56038700","2009-05-01","2013-09-01","29","0.3537","0.1251","0.05976","."
"56038700","2014-05-01","2017-09-01","23","0.1228","0.0151","0.576764"," "
"","","","","","","",""
"3029300","2005-05-01","2010-08-01","34","0.1694","0.0287","0.338213"," "
"","","","","","","",""
"60018500","2012-05-01","2015-06-01","20","-0.0376","0.0014","0.874893"," "
"","","","","","","",""
"34020600","1993-05-01","1996-09-01","23","0.5133","0.2635","0.012244","*"
"34020600","1997-06-01","2004-09-01","46","0.5431","0.295","9.6e-05","***"
"34020600","2005-05-01","2009-09-01","29","-0.0121","1e-04","0.950476"," "
"","","","","","","",""
"29009200","1997-05-01","2006-10-01","60","0.2155","0.0465","0.09816","."
"29009200","2009-05-01","2013-09-01","29","-0.0267","7e-04","0.89062"," "
"","","","","","","",""
"11012900","1991-05-01","1996-09-01","35","0.1502","0.0226","0.389191"," "
"11012900","1997-05-01","2013-05-01","97","0.0828","0.0069","0.420007"," "
"","","","","","","",""
"18009600","1998-05-01","2002-09-01","29","0.2994","0.0896","0.114633"," "
"18009600","2003-05-01","2017-08-01","88","0.3755","0.141","0.000312","***"
"","","","","","","",""
"4007600","1998-05-01","2001-10-01","24","0.3359","0.1129","0.108503"," "
"4007600","2002-06-01","2005-09-01","22","0.127","0.0161","0.573335"," "
"4007600","2014-05-01","2017-09-01","23","0.1707","0.0292","0.436015"," "
"","","","","","","",""
"31087700","1990-07-01","1995-06-01","30","0.3028","0.0917","0.103792"," "
"","","","","","","",""
"27013300","1990-05-01","1993-09-01"," 23","0.02","4e-04","0.927788"," "
"27013300","1995-07-01","1999-09-01"," 27","0.428","0.1832","0.025943","*"
"27013300","2001-05-01","2017-10-01","102","0.3368","0.1135","0.000537","***"
"","","","","","","",""
"58006200","1990-05-01","1992-09-01","17","0.3355","0.1125","0.188079"," "
"","","","","","","",""
"56023900","2000-05-01","2006-09-01","41","0.0868","0.0075","0.589291"," "
"","","","","","","",""
"34007900","1990-05-01","1995-08-01","34","0.2564","0.0657","0.143283"," "
"34007900","1995-10-01","2004-09-01","54","0.4579","0.2097","0.000499","***"
"34007900","2011-05-01","2017-10-01","42","0.4681","0.2191","0.001773","**"
"","","","","","","",""
"4003200","2010-05-01","2013-09-01","23","0.4491","0.2017","0.031563","*"
"","","","","","","",""
"1003300","1996-05-01","2002-09-01","41","0.2923","0.0855","0.063648","."
"","","","","","","",""
"31019300","1993-05-01","1996-06-01","20","0.378","0.1429","0.100298"," "
"","","","","","","",""
"69028503","1992-05-01","2012-09-01","125","0.1667","0.0278","0.063103","."
"","","","","","","",""
"3048600","2006-09-01","2010-09-01","25","0.171","0.0292","0.413884"," "
"3048600","2013-05-01","2016-07-01","21","0.2835","0.0804","0.212932"," "
"","","","","","","",""
"34021700","1997-05-01","2000-05-01","19","0.5153","0.2655","0.023951","*"
"34021700","2001-08-01","2006-08-01","31","0.4748","0.2254","0.006954","**"
"34021700","2007-05-01","2010-08-01","22","0.0106","1e-04","0.962831"," "
"","","","","","","",""
"8004500","1991-05-01","1997-08-01","40","0.3405","0.116","0.031542","*"
"8004500","2002-05-01","2007-09-01","35","0.1952","0.0381","0.261067"," "
"8004500","2008-05-01","2016-09-01","53","0.458","0.2098","0.000564","***"
"","","","","","","",""
"11047600","1991-05-01","2001-09-01","65","0.1152","0.0133","0.360908"," "
"","","","","","","",""
"73009700","1999-05-01","2005-08-01","40","0.3488","0.1217","0.027376","*"
"73009700","2007-06-01","2014-07-01","44","0.2107","0.0444","0.169723"," "
"","","","","","","",""
"47009500","1990-05-01","1992-09-01","17","-2e-04","0","0.99946"," "
"","","","","","","",""
"73006400","1996-05-01","2000-09-01","29","0.5048","0.2548","0.005228","**"
"73006400","2001-05-01","2012-09-01","71","0.4265","0.1819","0.000209","***"
"","","","","","","",""
"18032900","1990-05-01","2001-09-01","71","-0.0415","0.0017","0.730824"," "
"18032900","2002-05-01","2009-09-01","47","0.143","0.0205","0.337525"," "
"","","","","","","",""
"18025900","1990-05-01","1993-05-01","19","0.323","0.1043","0.177367"," "
"18025900","1994-05-01","1997-10-01","24","-0.1567","0.0246","0.464518"," "
"18025900","2010-05-01","2015-08-01","34","-0.0833","0.0069","0.63964"," "
"","","","","","","",""
"21016000","2004-05-01","2009-09-01","35","-0.0529","0.0028","0.762672"," "
"21016000","2010-05-01","2013-05-01","19","0.4649","0.2161","0.044923","*"
"","","","","","","",""
"18022600","1999-05-01","2014-05-01","91","0.4155","0.1726","4.2e-05","***"
"","","","","","","",""
"18021200","2001-05-01","2005-08-01","28","-0.024","6e-04","0.903427"," "
"","","","","","","",""
"10006300","2009-07-01","2013-09-01","27","0.6467","0.4182","0.000268","***"
"","","","","","","",""
"10001000","1998-05-01","2004-10-01","42","0.3366","0.1133","0.02926","*"
"10001000","2006-05-01","2017-05-01","67","0.2287","0.0523","0.062643","."
"","","","","","","",""
"27015900","2005-05-01","2017-07-01","75","0.0699","0.0049","0.551471"," "
"","","","","","","",""
"31036100","1993-05-01","1999-05-01","37","0.2849","0.0812","0.087382","."
"31036100","2002-05-01","2008-05-01","37","0.2599","0.0676","0.120247"," "
"","","","","","","",""
"27004400","1993-06-01","2009-09-01","100","0.2466","0.0608","0.013373","*"
"","","","","","","",""
"2008900","1990-05-01","2000-09-01","65","-0.0296","9e-04","0.815007"," "
"2008900","2001-05-01","2004-08-01","22","0.2572","0.0662","0.247856"," "
"2008900","2004-10-01","2007-10-01","19","-0.4192","0.1757","0.073992","."
"2008900","2010-05-01","2013-09-01","23","0.0321","0.001","0.884399"," "
"","","","","","","",""
"82013600","1998-05-01","2003-09-01","35","0.5867","0.3443","0.000212","***"
"","","","","","","",""
"82010900","1990-05-01","1998-06-01","50","0.0445","0.002","0.75887"," "
"82010900","2002-07-01","2008-08-01","38","0.1866","0.0348","0.261981"," "
"82010900","2013-05-01","2016-09-01","23","0.3387","0.1147","0.113889"," "
"","","","","","","",""
"82036800","2002-05-01","2005-08-01","22","0.0103","1e-04","0.963853"," "
"82036800","2005-10-01","2017-09-01","72","0.0432","0.0019","0.718698"," "
"","","","","","","",""
"82007400","1990-05-01","1998-06-01","50","-0.1265","0.016","0.381466"," "
"82007400","2002-07-01","2012-09-01","63","-0.0217","5e-04","0.866011"," "
"","","","","","","",""
"82005400","2004-05-01","2011-09-01","47","0.1584","0.0251","0.287564"," "
"","","","","","","",""
"82003000","1996-05-01","2009-09-01","83","0.3064","0.0939","0.004842","**"
"","","","","","","",""
"82005900","1994-06-01","2000-10-01","41","0.1886","0.0356","0.237671"," "
"82005900","2001-06-01","2014-05-01","78","0.0455","0.0021","0.692192"," "
"","","","","","","",""
"69002700","1990-08-01","1993-08-01","19","0.5543","0.3073","0.01378","*"
"69002700","1996-05-01","2001-08-01","34","0.2553","0.0652","0.145086"," "
"69002700","2002-05-01","2008-05-01","37","0.1976","0.0391","0.241025"," "
"69002700","2009-05-01","2017-05-01","49","0.3977","0.1582","0.004654","**"
"","","","","","","",""
"3058200","2000-05-01","2003-09-01","23","0.0595","0.0035","0.787265"," "
"","","","","","","",""
"3028700","1994-05-01","1997-07-01","21","0.0981","0.0096","0.672418"," "
"","","","","","","",""
"21009200","2007-05-01","2017-08-01","64","0.2007","0.0403","0.11188"," "
"","","","","","","",""
"3013600","2003-08-01","2006-09-01","20","-0.0531","0.0028","0.824063"," "
"3013600","2013-05-01","2017-07-01","27","0.2922","0.0854","0.139211"," "
"","","","","","","",""
"40009202","1990-06-01","2017-10-01","167","0.2045","0.0418","0.00802","**"
"","","","","","","",""
"47006800","1991-06-01","2006-10-01","95","0.5324","0.2834","0","***"
"","","","","","","",""
"29025400","1991-05-01","1994-09-01","23","0.4244","0.1801","0.043563","*"
"29025400","2008-05-01","2016-10-01","54","0.633","0.4006","0","***"
"","","","","","","",""
"77008900","2006-07-01","2009-07-01","19","-0.0776","0.006","0.752256"," "
"77008900","2009-09-01","2012-09-01","19","0.5285","0.2794","0.019991","*"
"","","","","","","",""
"77006700","1998-06-01","2001-09-01","22","0.3459","0.1196","0.114832"," "
"","","","","","","",""
"11016700","1995-05-01","1998-08-01","22","-0.0793","0.0063","0.72585"," "
"11016700","2002-05-01","2006-09-01","29","0.1937","0.0375","0.313911"," "
"11016700","2007-05-01","2010-09-01","23","-0.1256","0.0158","0.568088"," "
"","","","","","","",""
"18025100","1990-05-01","2001-09-01","71","0.1117","0.0125","0.353616"," "
"18025100","2002-05-01","2009-09-01","47","0.1751","0.0307","0.239154"," "
"18025100","2011-05-01","2014-09-01","23","0.0862","0.0074","0.695683"," "
"18025100","2015-05-01","2017-10-01","18","0.2085","0.0435","0.406424"," "
"","","","","","","",""
"4011100","1990-05-01","2001-08-01","70","0.3972","0.1578","0.000662","***"
"4011100","2002-05-01","2006-07-01","27","0.3376","0.114","0.085029","."
"4011100","2006-09-01","2011-09-01","31","0.2511","0.063","0.173084"," "
"4011100","2012-05-01","2017-10-01","36","0.348","0.1211","0.037528","*"
"","","","","","","",""
"13003100","1990-05-01","1993-10-01","24","3e-04","0","0.998897"," "
"13003100","1996-05-01","2006-10-01","66","0.4264","0.1818","0.000357","***"
"","","","","","","",""
"31062400","1993-05-01","2008-08-01","94","0.3602","0.1297","0.000362","***"
"31062400","2012-05-01","2016-09-01","29","0.462","0.2135","0.011623","*"
"","","","","","","",""
"80003900","1999-05-01","2017-08-01","112","0.1279","0.0164","0.17899"," "
"","","","","","","",""
"73005500","1990-05-01","1994-09-01","29","0.4314","0.1861","0.01946","*"
"73005500","2002-05-01","2005-09-01","23","0.2595","0.0673","0.231822"," "
"","","","","","","",""
"18040700","1991-06-01","1996-09-01","34","0.1032","0.0106","0.561405"," "
"18040700","2004-05-01","2014-09-01","65","0.0365","0.0013","0.773133"," "
"","","","","","","",""
"18033500","1990-05-01","2001-09-01","71","0.0333","0.0011","0.783042"," "
"18033500","2002-05-01","2009-09-01","47","0.2531","0.064","0.086102","."
"","","","","","","",""
"86021700","2002-05-01","2008-09-01","41","0.4102","0.1683","0.007731","**"
"86021700","2012-05-01","2016-10-01","30","0.6074","0.3689","0.000371","***"
"","","","","","","",""
"43001200","1994-05-01","1997-07-01","21","0.3927","0.1542","0.07827","."
"43001200","2001-05-01","2004-10-01","24","0.7125","0.5077","9.4e-05","***"
"43001200","2006-05-01","2011-05-01","31","0.319","0.1017","0.080295","."
"","","","","","","",""
"7005300","1991-05-01","2000-06-01","56","0.4558","0.2077","0.000415","***"
"7005300","2000-09-01","2013-08-01","78","0.4703","0.2211","1.4e-05","***"
"","","","","","","",""
"86002300","1991-09-01","1996-09-01","31","0.0079","1e-04","0.966352"," "
"86002300","2010-05-01","2014-05-01","25","0.3082","0.095","0.133912"," "
"","","","","","","",""
"10001400","2001-10-01","2007-09-01","36","0.3573","0.1277","0.032385","*"
"","","","","","","",""
"2011000","1991-08-01","2007-08-01","97","0.0727","0.0053","0.479332"," "
"2011000","2014-05-01","2017-09-01","23","-0.317","0.1005","0.140465"," "
"","","","","","","",""
"1010100","2007-05-01","2014-05-01","43","0.2056","0.0423","0.186049"," "
"","","","","","","",""
"31014100","1993-08-01","1996-09-01","20","0.2966","0.088","0.204098"," "
"31014100","1997-05-01","2009-07-01","75","0.3677","0.1352","0.001172","**"
"","","","","","","",""
"2004500","1990-05-01","2005-05-01","91","0.4339","0.1883","1.7e-05","***"
"2004500","2011-08-01","2017-10-01","39","0.5932","0.3519","6.9e-05","***"
"","","","","","","",""
"21014000","2001-05-01","2004-09-01","23","0.3146","0.099","0.143745"," "
"21014000","2007-05-01","2011-09-01","29","0.3167","0.1003","0.094155","."
"","","","","","","",""
"82016200","1996-05-01","2007-08-01","70","0.4912","0.2413","1.6e-05","***"
"","","","","","","",""
"82011602","1999-05-01","2009-10-01","66","0.4418","0.1952","0.000204","***"
"","","","","","","",""
"82009000","2000-06-01","2012-09-01","76","0.4643","0.2155","2.4e-05","***"
"","","","","","","",""
"82006700","1997-10-01","2001-10-01","25","0.3023","0.0914","0.141872"," "
"82006700","2008-05-01","2011-10-01","24","-0.2826","0.0798","0.180956"," "
"","","","","","","",""
"69012300","1995-08-01","1998-09-01","20","-0.2219","0.0492","0.347053"," "
"69012300","2001-05-01","2006-08-01","34","0.2301","0.0529","0.190532"," "
"69012300","2007-05-01","2013-08-01","40","0.3255","0.1059","0.040428","*"
"","","","","","","",""
"61013000","1990-05-01","2000-09-01","65","0.1826","0.0333","0.145418"," "
"61013000","2008-05-01","2011-07-01","21","0.2167","0.047","0.34534"," "
"","","","","","","",""
"61006000","2001-05-01","2004-10-01","24","0.3519","0.1238","0.091772","."
"61006000","2006-05-01","2011-09-01","35","0.3401","0.1157","0.045572","*"
"","","","","","","",""
"3058800","1990-05-01","1997-07-01","45","0.3112","0.0969","0.037444","*"
"3058800","1997-09-01","2010-07-01","77","0.1347","0.0182","0.242652"," "
"3058800","2010-09-01","2015-08-01","30","0.4084","0.1668","0.025048","*"
"","","","","","","",""
"56025300","1996-07-01","2006-08-01","62","0.1816","0.033","0.15775"," "
"","","","","","","",""
"56024000","1991-05-01","1993-10-01","18","0.585","0.3422","0.010767","*"
"56024000","1997-07-01","2006-08-01","56","0.2145","0.046","0.112407"," "
"56024000","2007-05-01","2014-07-01","45","0.1977","0.0391","0.193059"," "
"","","","","","","",""
"56013000","1990-05-01","1993-10-01","24","0.235","0.0552","0.269052"," "
"56013000","2005-09-01","2016-05-01","63","0.4699","0.2208","0.000102","***"
"","","","","","","",""
"21008100","1997-05-01","2006-09-01","59","0.2577","0.0664","0.048766","*"
"","","","","","","",""
"21005700","1991-05-01","1994-05-01","19","0.5386","0.2901","0.017342","*"
"","","","","","","",""
"21007600","2007-05-01","2012-09-01","35","0.3497","0.1223","0.039479","*"
"","","","","","","",""
"60030500","2007-07-01","2010-08-01","20","0.2865","0.0821","0.220765"," "
"","","","","","","",""
"60003200","2007-07-01","2010-08-01","20","0.313","0.098","0.179016"," "
"","","","","","","",""
"40011700","1992-05-01","1995-09-01","23","0.657","0.4317","0.000659","***"
"40011700","2002-05-01","2008-10-01","42","0.292","0.0853","0.060576","."
"","","","","","","",""
"29025600","1994-05-01","2014-09-01","125","0.4669","0.218","0","***"
"","","","","","","",""
"29014300","1994-05-01","2001-09-01","47","0.0681","0.0046","0.649146"," "
"29014300","2003-05-01","2009-05-01","37","-0.1128","0.0127","0.506255"," "
"","","","","","","",""
"49013700","2000-06-01","2005-09-01","34","0.0586","0.0034","0.742171"," "
"49013700","2006-05-01","2015-05-01","55","0.2503","0.0627","0.065304","."
"","","","","","","",""
"18022700","1996-05-01","2014-09-01","113","0.2615","0.0684","0.005149","**"
"","","","","","","",""
"29006100","2001-05-01","2005-05-01","25","0.3679","0.1353","0.070424","."
"29006100","2006-05-01","2012-07-01","39","-0.0336","0.0011","0.839038"," "
"","","","","","","",""
"82005200","1997-06-01","2001-10-01","29","0.4441","0.1972","0.015811","*"
"82005200","2002-06-01","2009-05-01","42","0.3932","0.1546","0.009992","**"
"","","","","","","",""
"1020400","1992-05-01","2000-05-01","49","0.3159","0.0998","0.027023","*"
"1020400","2007-06-01","2011-09-01","28","-0.0366","0.0013","0.853363"," "
"1020400","2013-05-01","2016-09-01","23","0.3538","0.1252","0.097648","."
"","","","","","","",""
"31033400","2001-05-01","2005-09-01","29","0.2941","0.0865","0.12146"," "
"31033400","2006-05-01","2012-09-01","41","0.272","0.074","0.085334","."
"","","","","","","",""
"69066000","1991-09-01","1999-05-01","45","0.4603","0.2119","0.001464","**"
"","","","","","","",""
"21014400","1993-05-01","2017-10-01","150","0.0912","0.0083","0.267176"," "
"","","","","","","",""
"11030400","1998-05-01","2003-05-01","31","0.4587","0.2104","0.009444","**"
"11030400","2007-05-01","2013-06-01","38","0.3464","0.12","0.033153","*"
"","","","","","","",""
"4015200","2000-07-01","2006-09-01","39","0.1668","0.0278","0.310087"," "
"","","","","","","",""
"29014800","2003-09-01","2016-10-01","80","0.3874","0.1501","0.000385","***"
"","","","","","","",""
"29008700","1991-07-01","2000-07-01","55","0.2722","0.0741","0.044403","*"
"29008700","2001-05-01","2007-05-01","37","0.1182","0.014","0.485783"," "
"","","","","","","",""
"18039200","1990-05-01","1997-10-01","48","0.0475","0.0023","0.748408"," "
"","","","","","","",""
"18037600","1990-07-01","1994-06-01","24","0.5474","0.2996","0.005631","**"
"","","","","","","",""
"86022300","1992-05-01","1997-09-01","35","-0.0304","9e-04","0.862502"," "
"86022300","2012-05-01","2015-10-01","24","0.2489","0.0619","0.240943"," "
"","","","","","","",""
"10002900","2000-05-01","2005-08-01","34","0.5442","0.2962","0.000877","***"
"10002900","2005-10-01","2010-08-01","29","0.3141","0.0987","0.097055","."
"","","","","","","",""
"10005600","1998-05-01","2000-10-01","18","0.7161","0.5128","0.00083","***"
"10005600","2001-10-01","2004-10-01","19","0.6797","0.462","0.001367","**"
"","","","","","","",""
"10001900","1998-06-01","2003-09-01","34","0.6918","0.4785","6e-06","***"
"10001900","2004-05-01","2013-09-01","59","0.397","0.1576","0.001853","**"
"","","","","","","",""
"27011900","1990-05-01","2017-10-01","168","0.3295","0.1086","1.3e-05","***"
"","","","","","","",""
"19003100","1992-05-01","1998-06-01","38","0.6022","0.3626","6.3e-05","***"
"19003100","1998-08-01","2006-10-01","51","0.5812","0.3378","8e-06","***"
"19003100","2007-06-01","2015-08-01","51","0.6014","0.3616","3e-06","***"
"","","","","","","",""
"69088700","2004-05-01","2011-09-01","47","0.3447","0.1188","0.017662","*"
"","","","","","","",""
"82014700","2005-05-01","2007-10-01","18","0.1431","0.0205","0.571013"," "
"","","","","","","",""
"82013300","1993-05-01","1998-09-01","35","0.2824","0.0797","0.100273"," "
"","","","","","","",""
"82012500","2002-06-01","2008-09-01","40","0.2011","0.0404","0.213477"," "
"82012500","2009-05-01","2017-09-01","53","0.0777","0.006","0.580274"," "
"","","","","","","",""
"82012000","1998-07-01","2001-10-01","22","0.6449","0.416","0.001192","**"
"","","","","","","",""
"13002900","2000-10-01","2003-09-01","18","0.5226","0.2731","0.026066","*"
"13002900","2006-05-01","2011-09-01","35","0.0544","0.003","0.756144"," "
"","","","","","","",""
"82030500","1997-05-01","2003-10-01","42","0.5659","0.3202","9.4e-05","***"
"","","","","","","",""
"82001800","1996-05-01","2008-05-01","73","0.154","0.0237","0.193262"," "
"82001800","2008-07-01","2012-05-01","23","0.1353","0.0183","0.538331"," "
"","","","","","","",""
"82004600","1997-05-01","2009-05-01","73","0.2675","0.0715","0.022165","*"
"82004600","2009-07-01","2014-08-01","32","0.6417","0.4118","7.5e-05","***"
"","","","","","","",""
"58002400","2000-08-01","2017-05-01","100","0.2342","0.0549","0.018995","*"
"","","","","","","",""
"1017000","2009-05-01","2013-08-01","28","0.3827","0.1464","0.044444","*"
"","","","","","","",""
"3015500","2003-05-01","2007-09-01","29","0.2403","0.0578","0.209217"," "
"","","","","","","",""
"21005200","2003-05-01","2006-09-01","23","0.1499","0.0225","0.494764"," "
"21005200","2007-05-01","2011-10-01","30","0.2942","0.0866","0.114537"," "
"","","","","","","",""
"34016900","1997-10-01","2001-07-01","22","0.57","0.3249","0.005614","**"
"34016900","2001-09-01","2006-07-01","29","0.3785","0.1433","0.042893","*"
"34016900","2013-05-01","2016-09-01","23","0.6609","0.4368","0.000597","***"
"","","","","","","",""
"18030800","1990-05-01","2001-09-01","71","0.3795","0.144","0.0011","**"
"18030800","2002-05-01","2007-07-01","33","0.3571","0.1276","0.041311","*"
"","","","","","","",""
"31092100","1996-06-01","2011-09-01","94","0.3974","0.1579","7.3e-05","***"
"","","","","","","",""
"31041300","1990-05-01","2002-05-01","73","0.1109","0.0123","0.350219"," "
"31041300","2002-07-01","2011-07-01","55","0.0307","9e-04","0.823918"," "
"","","","","","","",""
"69073600","1992-09-01","1997-05-01","27","0.3913","0.1531","0.043564","*"
"69073600","1998-05-01","2004-07-01","39","0.0059","0","0.97159"," "
"69073600","2004-09-01","2016-05-01","69","0.438","0.1919","0.000167","***"
"","","","","","","",""
"69037800","1990-05-01","1999-09-01","59","0.201","0.0404","0.126884"," "
"69037800","2001-05-01","2012-08-01","70","0.2284","0.0522","0.057237","."
"","","","","","","",""
"69049500","2003-05-01","2006-09-01","23","0.1764","0.0311","0.420607"," "
"","","","","","","",""
"69028501","1993-05-01","1996-09-01","23","0.1635","0.0267","0.455889"," "
"","","","","","","",""
"69004100","2002-05-01","2005-09-01","23","0.2076","0.0431","0.341785"," "
"69004100","2013-06-01","2016-09-01","22","0.1928","0.0372","0.390071"," "
"","","","","","","",""
"34025100","1993-10-01","2000-09-01","42","0.4013","0.161","0.008444","**"
"34025100","2001-05-01","2006-10-01","36","0.3933","0.1547","0.017637","*"
"34025100","2007-06-01","2016-09-01","58","0.39","0.1521","0.002479","**"
"","","","","","","",""
"1012300","1998-05-01","2001-09-01","23","0.4363","0.1904","0.037401","*"
"","","","","","","",""
"31021600","1995-05-01","2007-09-01","77","0.3091","0.0955","0.006236","**"
"31021600","2009-05-01","2013-09-01","29","0.2149","0.0462","0.262892"," "
"","","","","","","",""
"60029300","2000-06-01","2007-05-01","42","0.0761","0.0058","0.632091"," "
"60029300","2007-07-01","2010-08-01","20","0.005","0","0.983422"," "
"","","","","","","",""
"3035800","1999-10-01","2002-09-01","18","-0.0219","5e-04","0.931245"," "
"3035800","2005-05-01","2013-09-01","53","0.4982","0.2482","0.000147","***"
"","","","","","","",""
"60001200","2007-07-01","2010-08-01","20","0.1332","0.0177","0.575616"," "
"","","","","","","",""
"47008200","1996-05-01","2000-09-01","29","0.6687","0.4471","7.3e-05","***"
"","","","","","","",""
"18032000","2003-05-01","2014-09-01","71","0.1066","0.0114","0.37626"," "
"","","","","","","",""
"18034200","1990-05-01","2001-09-01","71","0.1326","0.0176","0.270226"," "
"18034200","2002-05-01","2009-09-01","47","0.155","0.024","0.298224"," "
"18034200","2010-05-01","2013-08-01","22","-0.2794","0.078","0.20801"," "
"","","","","","","",""
"86005300","1990-05-01","1999-09-01","59","-0.1392","0.0194","0.293093"," "
"86005300","2007-05-01","2010-05-01","19","0.1061","0.0113","0.665476"," "
"86005300","2013-05-01","2016-10-01","24","0.3559","0.1267","0.087835","."
"","","","","","","",""
"10021800","1999-10-01","2003-08-01","23","0.7055","0.4977","0.00017","***"
"10021800","2004-05-01","2012-08-01","52","0.3381","0.1143","0.014216","*"
"","","","","","","",""
"31036600","1998-05-01","2002-09-01","29","-0.097","0.0094","0.616572"," "
"31036600","2003-05-01","2006-05-01","19","0.5173","0.2676","0.023316","*"
"","","","","","","",""
"27015800","1998-06-01","2001-08-01","21","0.4757","0.2263","0.029295","*"
"27015800","2005-05-01","2009-08-01","28","0.0167","3e-04","0.932731"," "
"","","","","","","",""
"27010800","1998-06-01","2001-07-01","20","0.3035","0.0921","0.193297"," "
"27010800","2009-10-01","2016-10-01","43","0.0091","1e-04","0.953677"," "
"","","","","","","",""
"27011800","1990-05-01","2017-10-01","168","0.5195","0.2699","0","***"
"","","","","","","",""
"31007800","1992-05-01","1996-05-01","25","0.555","0.3081","0.003979","**"
"31007800","1999-09-01","2004-09-01","31","0.3687","0.136","0.041233","*"
"31007800","2005-05-01","2009-09-01","29","0.2708","0.0733","0.155432"," "
"","","","","","","",""
"2000900","1990-07-01","2001-06-01","66","0.3432","0.1178","0.004792","**"
"2000900","2002-05-01","2007-08-01","34","0.2792","0.078","0.109768"," "
"2000900","2009-05-01","2015-09-01","41","0.3682","0.1356","0.017857","*"
"","","","","","","",""
"30000900","1990-05-01","1997-09-01","47","0.4203","0.1766","0.003269","**"
"30000900","1998-05-01","2001-05-01","19","0.2845","0.0809","0.237841"," "
"30000900","2008-09-01","2017-06-01","52","0.5521","0.3048","2.2e-05","***"
"","","","","","","",""
"2003600","1996-05-01","2000-06-01","26","-0.0292","9e-04","0.887264"," "
"2003600","2000-08-01","2005-08-01","31","0.4598","0.2114","0.009262","**"
"2003600","2006-05-01","2014-06-01","50","0.1474","0.0217","0.307041"," "
"","","","","","","",""
"82010700","1999-05-01","2002-05-01","19","0.465","0.2162","0.044841","*"
"82010700","2002-08-01","2006-06-01","23","-0.0424","0.0018","0.847662"," "
"82010700","2011-09-01","2014-08-01","18","0.596","0.3552","0.009051","**"
"","","","","","","",""
"82007200","1998-05-01","2001-10-01","24","0.3804","0.1447","0.066665","."
"82007200","2005-05-01","2013-08-01","52","-8e-04","0","0.995382"," "
"","","","","","","",""
"69023100","1990-10-01","1993-09-01","18","0.4766","0.2271","0.04555","*"
"69023100","1999-05-01","2010-05-01","67","0.1761","0.031","0.153994"," "
"69023100","2010-08-01","2017-08-01","43","0.3863","0.1492","0.010516","*"
"","","","","","","",""
"27011600","1990-05-01","2001-08-01","70","0.3878","0.1504","0.00091","***"
"27011600","2002-09-01","2017-10-01","92","0.4132","0.1707","4.3e-05","***"
"","","","","","","",""
"56052300","1999-05-01","2015-08-01","100","0.1996","0.0399","0.046445","*"
"","","","","","","",""
"56029800","2000-05-01","2003-09-01","23","0.2354","0.0554","0.279484"," "
"","","","","","","",""
"21005400","1997-05-01","2001-09-01","29","0.1332","0.0177","0.490862"," "
"","","","","","","",""
"34022400","1996-06-01","1999-05-01","18","0.4475","0.2002","0.06259","."
"","","","","","","",""
"34019200","1991-05-01","1994-08-01","22","-0.0413","0.0017","0.855357"," "
"","","","","","","",""
"29016100","1994-05-01","1997-09-01","23","0.0253","6e-04","0.90863"," "
"29016100","2000-05-01","2005-05-01","31","0.3615","0.1307","0.045716","*"
"29016100","2007-10-01","2011-06-01","21","0.1115","0.0124","0.630298"," "
"","","","","","","",""
"18020300","2003-05-01","2011-06-01","50","0.2835","0.0804","0.046051","*"
"18020300","2012-05-01","2017-08-01","34","0.642","0.4122","4.3e-05","***"
"","","","","","","",""
"18009300","1991-06-01","1998-05-01","42","0.2809","0.0789","0.071507","."
"18009300","2009-05-01","2013-06-01","26","0.3594","0.1291","0.07138","."
"","","","","","","",""
"31081200","1991-05-01","1995-05-01","25","0.124","0.0154","0.554796"," "
"","","","","","","",""
"40009200","1997-05-01","2011-10-01","90","0.3075","0.0945","0.0032","**"
"","","","","","","",""
"10005900","1997-05-01","2012-09-01","95","0.3156","0.0996","0.00184","**"
"","","","","","","",""
"70007200","1994-05-01","2002-07-01","51","0.3536","0.1251","0.010905","*"
"","","","","","","",""
"13006800","1994-05-01","1996-10-01","18","0.4395","0.1932","0.067976","."
"13006800","2008-05-01","2012-09-01","29","0.4489","0.2015","0.014591","*"
"","","","","","","",""
"1008700","1995-06-01","2001-09-01","40","0.3192","0.1019","0.044658","*"
"","","","","","","",""
"58012300","1990-05-01","1995-05-01","31","0.3089","0.0954","0.090912","."
"58012300","2005-05-01","2009-08-01","28","0.0894","0.008","0.651061"," "
"58012300","2013-05-01","2017-10-01","30","0.6628","0.4393","6.6e-05","***"
"","","","","","","",""
"21008300","1993-05-01","2001-09-01","53","0.2349","0.0552","0.090487","."
"","","","","","","",""
"29014600","1992-07-01","2014-09-01","135","0.104","0.0108","0.229867"," "
"","","","","","","",""
"7004400","1991-07-01","1996-10-01","34","0.1792","0.0321","0.310632"," "
"7004400","2000-10-01","2006-10-01","37","0.4174","0.1742","0.010161","*"
"7004400","2012-10-01","2017-09-01","30","0.4843","0.2345","0.006692","**"
"","","","","","","",""
"19002600","1992-05-01","2006-10-01","90","0.2389","0.0571","0.02332","*"
"19002600","2007-06-01","2015-08-01","51","0.1526","0.0233","0.284909"," "
"","","","","","","",""
"69000400","2004-09-01","2010-09-01","37","0.263","0.0692","0.115837"," "
"","","","","","","",""
"49013300","2005-05-01","2010-05-01","31","-0.0991","0.0098","0.595799"," "
"","","","","","","",""
"73010600","1990-05-01","2016-10-01","162","0.267","0.0713","0.000594","***"
"","","","","","","",""
"10004600","1998-06-01","2004-10-01","41","0.4807","0.2311","0.001467","**"
"10004600","2006-05-01","2013-09-01","47","0.4581","0.2099","0.001203","**"
"","","","","","","",""
"31060200","1990-05-01","1993-09-01","23","-0.1766","0.0312","0.420087"," "
"31060200","2001-05-01","2016-08-01","94","0.0293","9e-04","0.778872"," "
"","","","","","","",""
"31042400","1992-07-01","1995-09-01","21","0.143","0.0204","0.53633"," "
"31042400","1997-08-01","2001-06-01","23","0.1428","0.0204","0.515607"," "
"","","","","","","",""
"2008400","1990-05-01","2001-08-01","70","0.0393","0.0015","0.74661"," "
"2008400","2003-05-01","2017-10-01","90","0.1509","0.0228","0.15574"," "
"","","","","","","",""
"2005300","1990-05-01","2007-06-01","104","0.0971","0.0094","0.326983"," "
"2005300","2009-08-01","2015-05-01"," 34","0.1885","0.0355","0.285736"," "
"","","","","","","",""
"19005000","1994-05-01","2008-08-01","88","0.0827","0.0068","0.443482"," "
"19005000","2009-05-01","2015-10-01","42","0.1116","0.0125","0.481584"," "
"","","","","","","",""
"2001500","1992-05-01","2008-05-01","97","0.3015","0.0909","0.002687","**"
"","","","","","","",""
"82015300","1993-05-01","1995-10-01","18","0.2466","0.0608","0.323889"," "
"82015300","1997-10-01","2000-09-01","18","0.3073","0.0945","0.214757"," "
"82015300","2003-05-01","2006-05-01","19","-0.1771","0.0314","0.46824"," "
"","","","","","","",""
"82003600","1995-05-01","2001-10-01","42","0.3518","0.1237","0.022345","*"
"82003600","2002-07-01","2008-09-01","39","0.2295","0.0527","0.159911"," "
"","","","","","","",""
"69079600","1990-05-01","1992-09-01","17","0.105","0.011","0.688432"," "
"69079600","2005-05-01","2009-05-01","25","0.2763","0.0763","0.181261"," "
"","","","","","","",""
"69002800","1990-09-01","1993-09-01","19","0.2982","0.0889","0.214926"," "
"69002800","1998-08-01","2012-10-01","87","0.2294","0.0526","0.032606","*"
"69002800","2014-05-01","2017-05-01","19","0.1335","0.0178","0.585778"," "
"","","","","","","",""
"56078100","1992-07-01","2000-09-01","51","0.3254","0.1059","0.019822","*"
"56078100","2001-05-01","2006-09-01","35","0.2025","0.041","0.24331"," "
"","","","","","","",""
"56023800","1995-10-01","1998-10-01","19","0.2112","0.0446","0.385462"," "
"56023800","2003-05-01","2009-09-01","41","0.074","0.0055","0.645793"," "
"","","","","","","",""
"3008500","1990-05-01","2006-05-01","97","0.3572","0.1276","0.000329","***"
"3008500","2013-05-01","2017-10-01","30","0.1532","0.0235","0.418918"," "
"","","","","","","",""
"71014700","1990-08-01","2005-07-01","90","0.4407","0.1942","1.4e-05","***"
"","","","","","","",""
"10008600","2001-05-01","2006-08-01","34","0.4403","0.1939","0.009162","**"
"10008600","2007-09-01","2010-09-01","19","0.3969","0.1575","0.092492","."
"","","","","","","",""
"11020100","1990-06-01","2000-09-01","64","0.3683","0.1356","0.002754","**"
"11020100","2001-05-01","2004-09-01","23","0.2697","0.0727","0.213324"," "
"","","","","","","",""
"27019100","1994-05-01","2016-10-01","138","0.2908","0.0846","0.000539","***"
"","","","","","","",""
"70009100","1995-05-01","1999-08-01","28","0.5814","0.3381","0.001174","**"
"","","","","","","",""
"1020900","1993-10-01","1999-09-01","36","0.2165","0.0469","0.204608"," "
"1020900","2002-05-01","2009-10-01","48","0.3601","0.1296","0.011947","*"
"","","","","","","",""
"31035300","1990-09-01","1994-09-01","25","0.2957","0.0874","0.151298"," "
"31035300","1998-05-01","2008-08-01","64","0.3133","0.0982","0.011695","*"
"31035300","2011-05-01","2015-05-01","25","0.3029","0.0918","0.141064"," "
"","","","","","","",""
"32002200","1990-05-01","1995-09-01","35","0.263","0.0691","0.126963"," "
"32002200","2002-05-01","2005-07-01","21","0.0298","9e-04","0.898041"," "
"","","","","","","",""
"6013800","1997-06-01","2000-09-01","22","0.2276","0.0518","0.308319"," "
"","","","","","","",""
"3018900","1996-05-01","1999-09-01","23","0.6033","0.364","0.002307","**"
"","","","","","","",""
"34019600","1992-06-01","1996-10-01","29","0.0825","0.0068","0.670402"," "
"34019600","1997-07-01","2007-07-01","61","0.4744","0.2251","0.000112","***"
"","","","","","","",""
"34007800","2012-07-01","2015-10-01","22","0.5042","0.2542","0.01672","*"
"","","","","","","",""
"77010500","2001-05-01","2009-05-01","49","0.1819","0.0331","0.210955"," "
"77010500","2011-05-01","2016-09-01","35","0.5235","0.274","0.001251","**"
"","","","","","","",""
"49005600","1995-05-01","2012-05-01","103","0.257","0.0661","0.008766","**"
"","","","","","","",""
"18033800","1990-05-01","1997-05-01","43","0.3085","0.0952","0.04416","*"
"18033800","1997-07-01","2001-09-01","27","0.4709","0.2217","0.013175","*"
"18033800","2002-05-01","2009-09-01","47","0.1493","0.0223","0.316547"," "
"","","","","","","",""
"18005000","1991-05-01","1994-09-01","23","0.4644","0.2157","0.02558","*"
"18005000","1999-05-01","2007-09-01","53","0.2862","0.0819","0.03777","*"
"18005000","2008-05-01","2014-05-01","37","0.154","0.0237","0.362902"," "
"","","","","","","",""
"31074900","1998-09-01","2009-09-01","67","0.234","0.0548","0.056678","."
"31074900","2012-05-01","2016-08-01","28","0.4086","0.167","0.030861","*"
"","","","","","","",""
"2010400","1990-05-01","2007-07-01","105","0.1102","0.0121","0.263101"," "
"2010400","2011-05-01","2015-09-01"," 29","0.4784","0.2289","0.008662","**"
"","","","","","","",""
"31025500","1992-05-01","2009-09-01","107","0.3329","0.1108","0.00046","***"
"","","","","","","",""
"31026000","1990-05-01","1998-09-01","53","-0.1323","0.0175","0.345065"," "
"31026000","2000-05-01","2016-06-01","98","0.0685","0.0047","0.502894"," "
"","","","","","","",""
"31006900","1993-08-01","2014-05-01","124","0.4019","0.1615","4e-06","***"
"","","","","","","",""
"2003500","1990-05-01","1993-08-01","22","-0.0225","5e-04","0.920879"," "
"2003500","2001-05-01","2009-08-01","52","0.179","0.0321","0.204117"," "
"2003500","2010-10-01","2016-07-01","34","0.2509","0.063","0.152274"," "
"","","","","","","",""
"82011500","2002-05-01","2011-09-01","59","0.4316","0.1863","0.000643","***"
"","","","","","","",""
"82008700","2002-05-01","2008-09-01","41","-0.0518","0.0027","0.747652"," "
"82008700","2009-05-01","2017-07-01","51","0.1445","0.0209","0.311775"," "
"","","","","","","",""
"82010600","1990-05-01","1998-06-01","50","0.1612","0.026","0.263414"," "
"82010600","1998-08-01","2002-05-01","22","0.5701","0.325","0.005608","**"
"82010600","2002-07-01","2010-05-01","47","0.0986","0.0097","0.509473"," "
"","","","","","","",""
"82034900","1998-05-01","2002-07-01","27","0.2611","0.0682","0.188345"," "
"82034900","2002-09-01","2009-06-01","40","0.1578","0.0249","0.330886"," "
"82034900","2009-10-01","2012-09-01","18","-0.1046","0.0109","0.679624"," "
"","","","","","","",""
"82001600","1996-05-01","2001-10-01","36","-0.0098","1e-04","0.954903"," "
"82001600","2002-07-01","2007-07-01","31","0.3907","0.1527","0.029768","*"
"","","","","","","",""
"9001000","2008-05-01","2012-06-01","26","0.153","0.0234","0.455615"," "
"9001000","2013-06-01","2017-08-01","27","0.0224","5e-04","0.911737"," "
"","","","","","","",""
"41008900","2005-05-01","2009-09-01","29","-0.1574","0.0248","0.41481"," "
"","","","","","","",""
"3050600","2000-05-01","2003-09-01","23","0.1519","0.0231","0.489131"," "
"3050600","2004-05-01","2007-06-01","20","-0.1689","0.0285","0.476567"," "
"3050600","2011-05-01","2017-09-01","41","0.2499","0.0625","0.115073"," "
"","","","","","","",""
"3035900","1993-05-01","1999-05-01","37","0.1166","0.0136","0.49205"," "
"","","","","","","",""
"3047500","1995-06-01","2002-07-01","44","0.1163","0.0135","0.452019"," "
"3047500","2003-05-01","2006-08-01","22","0.2408","0.058","0.280406"," "
"3047500","2006-10-01","2010-09-01","24","0.0802","0.0064","0.709348"," "
"3047500","2011-05-01","2014-08-01","22","0.6278","0.3942","0.001758","**"
"","","","","","","",""
"3010700","1997-05-01","2002-09-01","35","0.3098","0.096","0.070139","."
"3010700","2009-05-01","2012-09-01","23","0.5909","0.3491","0.00299","**"
"3010700","2013-05-01","2016-09-01","23","0.4624","0.2138","0.02631","*"
"","","","","","","",""
"21012300","2007-05-01","2010-09-01","23","-0.1789","0.032","0.414095"," "
"","","","","","","",""
"60021700","1990-05-01","1996-07-01","39","0.0566","0.0032","0.732169"," "
"60021700","1996-09-01","2010-09-01","85","0.1402","0.0197","0.200575"," "
"60021700","2014-05-01","2017-10-01","24","0.0543","0.0029","0.80115"," "
"","","","","","","",""
"34017100","1991-05-01","1996-09-01","35","0.4416","0.195","0.007917","**"
"34017100","2009-06-01","2015-09-01","40","0.559","0.3125","0.000177","***"
"","","","","","","",""
"34004400","2005-09-01","2008-10-01","20","-0.1426","0.0203","0.548545"," "
"","","","","","","",""
"73020000","1990-05-01","1996-09-01","41","0.3252","0.1058","0.037991","*"
"73020000","2002-05-01","2006-09-01","29","0.2518","0.0634","0.187603"," "
"73020000","2014-08-01","2017-10-01","21","0.1382","0.0191","0.550195"," "
"","","","","","","",""
"72009300","1998-05-01","2003-08-01","34","0.2639","0.0696","0.131528"," "
"","","","","","","",""
"86029300","1997-05-01","2000-08-01","22","0.4466","0.1994","0.037199","*"
"86029300","2000-10-01","2009-10-01","55","0.3662","0.1341","0.005963","**"
"","","","","","","",""
"72005000","2005-05-01","2009-07-01","27","0.2226","0.0496","0.264362"," "
"72005000","2011-05-01","2016-10-01","36","0.5153","0.2655","0.0013","**"
"","","","","","","",""
"80003400","2005-05-01","2016-10-01","72","0.513","0.2631","4e-06","***"
"","","","","","","",""
"11023400","1999-05-01","2010-09-01","71","0.1152","0.0133","0.338632"," "
"11023400","2012-05-01","2016-09-01","29","0.2598","0.0675","0.173589"," "
"","","","","","","",""
"11028100","1993-08-01","2015-10-01","135","0.1562","0.0244","0.070498","."
"","","","","","","",""
"18013600","1992-05-01","1996-09-01"," 29","0.2277","0.0518","0.234844"," "
"18013600","1999-05-01","2016-09-01","107","0.4024","0.1619","1.7e-05","***"
"","","","","","","",""
"4015500","2000-05-01","2010-09-01","65","0.1965","0.0386","0.116636"," "
"4015500","2014-05-01","2017-09-01","23","0.4916","0.2417","0.017203","*"
"","","","","","","",""
"31081300","1991-05-01","1995-07-01","27","-0.0285","8e-04","0.887647"," "
"31081300","1995-10-01","1999-05-01","20","-0.3421","0.117","0.139832"," "
"31081300","1999-07-01","2008-09-01","57","0.1493","0.0223","0.267661"," "
"","","","","","","",""
"31078600","1996-05-01","1999-09-01","23","0.2441","0.0596","0.261595"," "
"31078600","2000-05-01","2008-09-01","53","0.1472","0.0217","0.292949"," "
"","","","","","","",""
"40003100","2003-09-01","2008-06-01","28","0.3428","0.1175","0.074165","."
"40003100","2011-05-01","2013-10-01","18","0.756","0.5716","0.000284","***"
"","","","","","","",""
"69084800","1993-05-01","1999-09-01","41","0.3129","0.0979","0.046405","*"
"69084800","2000-05-01","2005-09-01","35","0.1447","0.0209","0.406805"," "
"69084800","2006-05-01","2012-10-01","42","0.4681","0.2191","0.001771","**"
"","","","","","","",""
"31065000","1990-05-01","2002-05-01","73","0.0186","3e-04","0.875876"," "
"31065000","2002-09-01","2015-06-01","76","-0.0017","0","0.988114"," "
"","","","","","","",""
"3028600","1990-05-01","1996-07-01","39","0.2533","0.0641","0.119782"," "
"3028600","1998-05-01","2005-05-01","43","0.2081","0.0433","0.1805"," "
"3028600","2008-05-01","2017-09-01","59","0.2366","0.056","0.071164","."
"","","","","","","",""
"69093900","1990-05-01","1993-08-01","22","0.4505","0.203","0.035364","*"
"69093900","1993-10-01","2009-09-01","96","0.2907","0.0845","0.004065","**"
"69093900","2010-05-01","2017-10-01","48","0.3412","0.1164","0.017635","*"
"","","","","","","",""
"16014700","1990-07-01","1994-09-01","27","0.2862","0.0819","0.147892"," "
"16014700","1995-05-01","1999-09-01","29","0.2587","0.0669","0.175414"," "
"16014700","2003-05-01","2008-09-01","35","0.2749","0.0756","0.11004"," "
"16014700","2011-05-01","2014-08-01","22","0.6465","0.418","0.001149","**"
"16014700","2014-10-01","2017-09-01","18","0.1737","0.0302","0.490731"," "
"","","","","","","",""
"21009400","1997-05-01","2003-09-01","41","0.2125","0.0452","0.182206"," "
"21009400","2004-05-01","2007-09-01","23","0.0942","0.0089","0.66892"," "
"","","","","","","",""
"76007200","1997-10-01","2003-09-01","36","0.1768","0.0313","0.302195"," "
"76007200","2011-05-01","2014-09-01","23","0.1339","0.0179","0.542539"," "
"","","","","","","",""
"4023000","2000-06-01","2003-08-01","21","0.0658","0.0043","0.776758"," "
"4023000","2008-08-01","2015-05-01","40","0.2081","0.0433","0.197493"," "
"","","","","","","",""
"34039000","2000-10-01","2006-10-01","37","0.3692","0.1363","0.024512","*"
"34039000","2008-05-01","2017-09-01","59","0.4235","0.1793","0.000832","***"
"","","","","","","",""
"34003200","2008-05-01","2016-10-01","54","0.3732","0.1393","0.005447","**"
"","","","","","","",""
"18016100","2000-05-01","2009-08-01","58","0.4345","0.1888","0.000653","***"
"18016100","2010-05-01","2014-08-01","28","0.3958","0.1567","0.037077","*"
"","","","","","","",""
"18035100","1990-05-01","2001-09-01","71","0.1697","0.0288","0.157053"," "
"18035100","2002-05-01","2005-09-01","23","0.2139","0.0458","0.326989"," "
"18035100","2006-05-01","2009-09-01","23","-0.2887","0.0834","0.181501"," "
"","","","","","","",""
"18032500","1997-05-01","2001-09-01","29","0.503","0.253","0.005413","**"
"18032500","2002-05-01","2009-09-01","47","0.1918","0.0368","0.196517"," "
"","","","","","","",""
"10000600","1992-05-01","2004-10-01","78","0.5619","0.3158","0","***"
"10000600","2006-05-01","2013-10-01","48","0.4007","0.1606","0.004765","**"
"","","","","","","",""
"82011800","1990-05-01","1998-06-01","50","-0.0361","0.0013","0.803408"," "
"82011800","1998-08-01","2002-05-01","22","0.1654","0.0273","0.462063"," "
"82011800","2002-07-01","2009-10-01","46","0.1523","0.0232","0.312141"," "
"","","","","","","",""
"82012200","1998-05-01","2003-09-01","35","0.6012","0.3614","0.000134","***"
"","","","","","","",""
"82031800","1997-06-01","2007-08-01","63","0.2093","0.0438","0.09973","."
"82031800","2009-10-01","2014-07-01","28","-0.029","8e-04","0.883617"," "
"","","","","","","",""
"82001000","1995-06-01","1998-06-01","19","0.0099","1e-04","0.967978"," "
"","","","","","","",""
"9003900","1994-05-01","2017-05-01","139","0.52","0.2703","0","***"
"","","","","","","",""
"69065300","2002-06-01","2012-10-01","65","0.3606","0.13","0.003174","**"
"","","","","","","",""
"69050900","1991-05-01","1997-05-01","37","0.1805","0.0326","0.28503"," "
"69050900","2006-05-01","2010-10-01","30","0.0413","0.0017","0.828294"," "
"","","","","","","",""
"69041200","1993-05-01","1996-05-01","19","0.6342","0.4022","0.003542","**"
"69041200","1998-05-01","2005-05-01","43","0.4953","0.2453","0.000733","***"
"","","","","","","",""
